
 RUN  v3.2.7 /home/jes/commonplace-log/worker

(node:406751) [DEP0040] DeprecationWarning: The `punycode` module is deprecated. Please use a userland alternative instead.
(Use `node --trace-deprecation ...` to show where the warning was created)
[vpw:debug] Adding `enable_nodejs_tty_module` compatibility flag during tests as this feature is needed to support the Vitest runner.
[vpw:debug] Adding `enable_nodejs_fs_module` compatibility flag during tests as this feature is needed to support the Vitest runner.
[vpw:debug] Adding `enable_nodejs_http_modules` compatibility flag during tests as this feature is needed to support the Vitest runner.
[vpw:debug] Adding `enable_nodejs_perf_hooks_module` compatibility flag during tests as this feature is needed to support the Vitest runner.
[vpw:info] Starting isolated runtimes for vitest.backup.config.ts...
 ✓ |unit| test/realm/outbound.test.ts > storageInternal > refuses a request for any host other than storage.internal 12ms
 ✓ |unit| test/realm/outbound.test.ts > storageInternal > selects only ctx.containerId even when the request names another realm 14ms
 ✓ |unit| test/realm/outbound.test.ts > storageInternal > rewrites the origin, preserves path/query/method/body, and strips authorization 5ms
 ✓ |unit| test/jcs.test.ts > corpus discovery > finds at least 15 pass-gate cases (corpus is non-empty) 2ms
 ✓ |unit| test/jcs.test.ts > corpus discovery > finds at least one deliberate-mismatch (9xx) case 0ms
 ✓ |unit| test/jcs.test.ts > canonicalize matches shared vectors > 001-rfc-worked-example 2ms
 ✓ |unit| test/jcs.test.ts > canonicalize matches shared vectors > 002-rfc-sort-order 1ms
 ✓ |unit| test/jcs.test.ts > canonicalize matches shared vectors > 003-sort-basic-ascii 0ms
 ✓ |unit| test/jcs.test.ts > canonicalize matches shared vectors > 004-sort-astral-before-e000 0ms
 ✓ |unit| test/jcs.test.ts > canonicalize matches shared vectors > 005-sort-nested-recursive 0ms
 ✓ |unit| test/jcs.test.ts > canonicalize matches shared vectors > 006-escape-two-char 1ms
 ✓ |unit| test/jcs.test.ts > canonicalize matches shared vectors > 007-escape-u00xx-control 0ms
 ✓ |unit| test/jcs.test.ts > canonicalize matches shared vectors > 008-string-unicode-literal 0ms
 ✓ |unit| test/jcs.test.ts > canonicalize matches shared vectors > 009-num-1e20 1ms
 ✓ |unit| test/jcs.test.ts > canonicalize matches shared vectors > 010-num-1e21 1ms
 ✓ |unit| test/jcs.test.ts > canonicalize matches shared vectors > 011-num-1e-6 0ms
 ✓ |unit| test/jcs.test.ts > canonicalize matches shared vectors > 012-num-0.000001 0ms
 ✓ |unit| test/jcs.test.ts > canonicalize matches shared vectors > 013-num-1e-7 0ms
 ✓ |unit| test/jcs.test.ts > canonicalize matches shared vectors > 014-num-minus-zero 0ms
 ✓ |unit| test/jcs.test.ts > canonicalize matches shared vectors > 015-num-max-safe-int 0ms
 ✓ |unit| test/jcs.test.ts > canonicalize matches shared vectors > 016-spec-example-entry 0ms
 ✓ |unit| test/jcs.test.ts > canonicalize matches shared vectors > 017-whitespace-padded-entry 4ms
 ✓ |unit| test/jcs.test.ts > canonicalize matches shared vectors > 018-float-spelled-integers 0ms
 ✓ |unit| test/jcs.test.ts > canonicalize matches shared vectors > 019-entry-v2-operation-id 0ms
 ✓ |unit| test/jcs.test.ts > deliberate-mismatch (9xx) cases must NOT match correct output > 999-deliberate-mismatch 1ms
[vpw:debug] Adding `enable_nodejs_tty_module` compatibility flag during tests as this feature is needed to support the Vitest runner.
[vpw:debug] Adding `enable_nodejs_fs_module` compatibility flag during tests as this feature is needed to support the Vitest runner.
[vpw:debug] Adding `enable_nodejs_http_modules` compatibility flag during tests as this feature is needed to support the Vitest runner.
[vpw:debug] Adding `enable_nodejs_perf_hooks_module` compatibility flag during tests as this feature is needed to support the Vitest runner.
[vpw:info] Starting isolated runtimes for vitest.workers.config.ts...
 ✓ |unit| test/entry.test.ts > validateEntry rejects each invalid-entries vector with exact code and reason > 026-writer-id-malformed 1ms
 ✓ |unit| test/entry.test.ts > validateEntry accepts the valid-entry anchor cases > 016-spec-example-entry validates ok with exactly the expected canonical bytes 6ms
 ✓ |unit| test/entry.test.ts > validateEntry rejects each invalid-entries vector with exact code and reason > 027-prev-entry-id-malformed 0ms
 ✓ |unit| test/entry.test.ts > validateEntry accepts the valid-entry anchor cases > 017-whitespace-padded-entry validates ok with exactly the expected canonical bytes 7ms
 ✓ |unit| test/entry.test.ts > validateEntry rejects each invalid-entries vector with exact code and reason > 028-created-at-calendar-invalid 4ms
 ✓ |unit| test/entry.test.ts > validateEntry accepts the valid-entry anchor cases > 018-float-spelled-integers validates ok with exactly the expected canonical bytes 1ms
 ✓ |unit| test/entry.test.ts > validateEntry rejects each invalid-entries vector with exact code and reason > 029-created-at-leap-second 1ms
 ✓ |unit| test/entry.test.ts > validateEntry accepts the valid-entry anchor cases > 019-entry-v2-operation-id validates ok with exactly the expected canonical bytes 1ms
 ✓ |unit| test/entry.test.ts > validateEntry rejects each invalid-entries vector with exact code and reason > 030-writer-seq-1e30 1ms
 ✓ |unit| test/entry.test.ts > validateEntry rejects each invalid-entries vector with exact code and reason > 031-v1-operation-id 4ms
 ✓ |unit| test/entry.test.ts > cap-side discrimination > 017's raw input is itself over the 1 MiB cap (whitespace collapses) 1ms
 ✓ |unit| test/entry.test.ts > validateEntry rejects each invalid-entries vector with exact code and reason > 032-v2-operation-id-empty 0ms
 ✓ |unit| test/entry.test.ts > validateEntry rejects each invalid-entries vector with exact code and reason > 033-v2-operation-id-non-string 0ms
 ✓ |unit| test/entry.test.ts > version-2 operation_id boundary and parsed-number semantics > accepts a non-empty operation_id of exactly 256 UTF-8 bytes 2ms
 ✓ |unit| test/entry.test.ts > validateEntry rejects each invalid-entries vector with exact code and reason > 034-v2-operation-id-over-256-bytes 0ms
 ✓ |unit| test/entry.test.ts > version-2 operation_id boundary and parsed-number semantics > rejects string version 2 5ms
 ✓ |unit| test/entry.test.ts > validateEntry rejects each invalid-entries vector with exact code and reason > 035-version-3 0ms
 ✓ |unit| test/entry.test.ts > validateEntry rejects each invalid-entries vector with exact code and reason > 036-v2-extra-top-level-field 0ms
 ✓ |unit| test/entry.test.ts > invalid-entries corpus discovery > finds at least 36 invalid cases 0ms
 ✓ |unit| test/entry.test.ts > validateEntry rejects each invalid-entries vector with exact code and reason > 037-v2-missing-operation-id 0ms
 ✓ |unit| test/entry.test.ts > validateEntry rejects each invalid-entries vector with exact code and reason > 001-missing-version 2ms
 ✓ |unit| test/entry.test.ts > validateEntry rejects each invalid-entries vector with exact code and reason > 002-missing-log-id 2ms
 ✓ |unit| test/entry.test.ts > validateEntry rejects each invalid-entries vector with exact code and reason > 003-missing-entry-id 0ms
 ✓ |unit| test/entry.test.ts > validateEntry rejects each invalid-entries vector with exact code and reason > 004-missing-writer-id 0ms
 ✓ |unit| test/entry.test.ts > validateEntry rejects each invalid-entries vector with exact code and reason > 005-missing-writer-seq 1ms
 ✓ |unit| test/entry.test.ts > validateEntry rejects each invalid-entries vector with exact code and reason > 006-missing-created-at 1ms
 ✓ |unit| test/entry.test.ts > validateEntry rejects each invalid-entries vector with exact code and reason > 007-missing-body 0ms
 ✓ |unit| test/entry.test.ts > validateEntry rejects each invalid-entries vector with exact code and reason > 008-missing-prev-entry-id 0ms
 ✓ |unit| test/entry.test.ts > validateEntry rejects each invalid-entries vector with exact code and reason > 010-extra-top-level-field 0ms
 ✓ |unit| test/entry.test.ts > validateEntry rejects each invalid-entries vector with exact code and reason > 011-uppercase-log-id 0ms
 ✓ |unit| test/entry.test.ts > validateEntry rejects each invalid-entries vector with exact code and reason > 012-malformed-entry-id 0ms
 ✓ |unit| test/entry.test.ts > validateEntry rejects each invalid-entries vector with exact code and reason > 013-writer-seq-zero 0ms
 ✓ |unit| test/entry.test.ts > validateEntry rejects each invalid-entries vector with exact code and reason > 014-writer-seq-negative 0ms
 ✓ |unit| test/entry.test.ts > validateEntry rejects each invalid-entries vector with exact code and reason > 015-writer-seq-non-integer 0ms
 ✓ |unit| test/entry.test.ts > validateEntry rejects each invalid-entries vector with exact code and reason > 016-prev-not-null-at-seq-1 0ms
 ✓ |unit| test/entry.test.ts > validateEntry rejects each invalid-entries vector with exact code and reason > 017-prev-null-after-seq-1 1ms
 ✓ |unit| test/entry.test.ts > validateEntry rejects each invalid-entries vector with exact code and reason > 018-created-at-non-utc-offset 0ms
 ✓ |unit| test/entry.test.ts > validateEntry rejects each invalid-entries vector with exact code and reason > 019-created-at-not-rfc3339 0ms
 ✓ |unit| test/entry.test.ts > validateEntry rejects each invalid-entries vector with exact code and reason > 020-body-array 0ms
 ✓ |unit| test/entry.test.ts > validateEntry rejects each invalid-entries vector with exact code and reason > 021-body-string 0ms
 ✓ |unit| test/entry.test.ts > validateEntry rejects each invalid-entries vector with exact code and reason > 022-unsafe-integer-in-body 1ms
 ✓ |unit| test/entry.test.ts > validateEntry rejects each invalid-entries vector with exact code and reason > 023-non-finite-number 1ms
 ✓ |unit| test/entry.test.ts > validateEntry rejects each invalid-entries vector with exact code and reason > 024-lone-surrogate 0ms
 ✓ |unit| test/entry.test.ts > validateEntry rejects each invalid-entries vector with exact code and reason > 025-entry-too-large 74ms
 ✓ |unit| test/realm/boundary.test.ts > realm semantic boundary > the realm import graph cannot reach workalike semantic modules 18ms
 ✓ |unit| test/realm/boundary.test.ts > realm semantic boundary > the scanner rejects an empty realm subtree 7ms
stdout | test/backup-boundary.test.ts > backup deployment boundary > A4: production backup references no realm-write surface; live realm code is the positive control
A4 SOURCE live control matches=12 backup=0

 ✓ |unit| test/backup-boundary.test.ts > backup deployment boundary > A4: production backup references no realm-write surface; live realm code is the positive control 22ms
 ✓ |unit| test/backup-boundary.test.ts > backup deployment boundary > production is a second script referencing the existing DO namespace with no HTTP/test/Container entry 2ms
 ✓ |unit| test/realm/capacity.test.ts > RealmNode container capacity mapping > maps the platform capacity start failure to realm_capacity 13ms
 ✓ |unit| test/realm/capacity.test.ts > RealmNode container capacity mapping > maps the platform's actual shape: a resolved 500 Response carrying the message 5ms
 ✓ |unit| test/realm/capacity.test.ts > RealmNode container capacity mapping > passes an unrelated 500 Response through with its body intact 1ms
 ✓ |unit| test/realm/capacity.test.ts > RealmNode container capacity mapping > lets unrelated container errors propagate 1ms
 ✓ |unit| test/errors.test.ts > ERROR_STATUS (§11.6 table) > carries the FULL §11.6 status/code table, exactly 9ms
 ✓ |unit| test/errors.test.ts > ERROR_STATUS (§11.6 table) > pins the 507 storage_full row (not simulable in local workerd — §15.6) 2ms
 ✓ |unit| test/errors.test.ts > ERROR_STATUS (§11.6 table) > pins the 409 quadruplet: log_mismatch, writer_gap, writer_fork, entry_id_collision 0ms
 ✓ |unit| test/errors.test.ts > ERROR_STATUS (§11.6 table) > pins both 413 codes: entry_too_large and batch_too_large 0ms
 ✓ |unit| test/errors.test.ts > envelope (§11.6 shape) > builds the exact spec envelope with details 0ms
 ✓ |unit| test/errors.test.ts > envelope (§11.6 shape) > omits the details key entirely when no details are given 0ms
 ✓ |unit| test/errors.test.ts > toWireDetails (StoreError camelCase -> §11.6 snake_case) > maps the recorded StoreError keys: expectedSeq, tipEntryId, writerId, entryId 0ms
 ✓ |unit| test/errors.test.ts > toWireDetails (StoreError camelCase -> §11.6 snake_case) > leaves already-snake_case and single-word keys untouched (reason, seq, expected_seq) 3ms
 ✓ |unit| test/errors.test.ts > toWireDetails (StoreError camelCase -> §11.6 snake_case) > preserves null values (tipEntryId null for a fresh writer) 2ms
 ✓ |unit| test/errors.test.ts > toWireDetails (StoreError camelCase -> §11.6 snake_case) > passes non-object details through unchanged 0ms
 ✓ |unit| test/errors.test.ts > toWireDetails (StoreError camelCase -> §11.6 snake_case) > does not mutate its input 0ms
 ✓ |unit| test/merge-plan.test.ts > planMerge classifies batches per spec §9.3 > anti-vacuity: the table has at least 14 rows 6ms
 ✓ |unit| test/merge-plan.test.ts > planMerge classifies batches per spec §9.3 > 'empty batch is ok with zero plans (§9…' 4ms
 ✓ |unit| test/merge-plan.test.ts > planMerge classifies batches per spec §9.3 > 'fresh writer starting at seq 1 with c…' 1ms
 ✓ |unit| test/merge-plan.test.ts > planMerge classifies batches per spec §9.3 > 'fresh writer NOT starting at 1 → writ…' 0ms
 ✓ |unit| test/merge-plan.test.ts > planMerge classifies batches per spec §9.3 > 'extension at tip+1 naming the tip in …' 3ms
 ✓ |unit| test/merge-plan.test.ts > planMerge classifies batches per spec §9.3 > 'extension at tip+1 with wrong prev_en…' 0ms
 ✓ |unit| test/merge-plan.test.ts > planMerge classifies batches per spec §9.3 > 'batch wholly at/below tip and byte-eq…' 0ms
 ✓ |unit| test/merge-plan.test.ts > planMerge classifies batches per spec §9.3 > 'partially duplicate batch: present pr…' 0ms
 ✓ |unit| test/merge-plan.test.ts > planMerge classifies batches per spec §9.3 > 'first new entry beyond tip+1 → writer…' 0ms
 ✓ |unit| test/merge-plan.test.ts > planMerge classifies batches per spec §9.3 > 'different bytes at an occupied coordi…' 0ms
 ✓ |unit| test/merge-plan.test.ts > planMerge classifies batches per spec §9.3 > 'existing entry_id with different cano…' 0ms
 ✓ |unit| test/merge-plan.test.ts > planMerge classifies batches per spec §9.3 > 'same entry_id at the SAME coordinate …' 3ms
 ✓ |unit| test/merge-plan.test.ts > planMerge classifies batches per spec §9.3 > 'same entry_id, same bytes, same coord…' 0ms
 ✓ |unit| test/merge-plan.test.ts > planMerge classifies batches per spec §9.3 > 'intra-batch sequence hole after a val…' 1ms
 ✓ |unit| test/merge-plan.test.ts > planMerge classifies batches per spec §9.3 > 'intra-batch prev_entry_id not naming …' 0ms
 ✓ |unit| test/merge-plan.test.ts > planMerge classifies batches per spec §9.3 > 'intra-batch entry_id reused at differ…' 1ms
 ✓ |unit| test/merge-plan.test.ts > planMerge classifies batches per spec §9.3 > 'intra-batch duplicate coordinate with…' 0ms
 ✓ |unit| test/merge-plan.test.ts > planMerge classifies batches per spec §9.3 > 'exact duplicate entry within one batc…' 0ms
 ✓ |unit| test/merge-plan.test.ts > planMerge classifies batches per spec §9.3 > 'multi-writer batch where one writer f…' 0ms
 ✓ |unit| test/merge-plan.test.ts > planMerge classifies batches per spec §9.3 > 'multi-writer all-valid batch → one pl…' 0ms
 ✓ |unit| test/merge-plan.test.ts > planMerge classifies batches per spec §9.3 > batch order does not matter: shuffled input classifies identically (§9.3 rule 1) 0ms
stdout | test/backup/backup.workers.test.ts > BACKUP-1b-ii > empty log ID is backed up and differs from an absent pagination cursor
EMPTY ID {
  outcome: 'complete',
  manifest: {
    version: 1,
    realm_id: '2202e5ee-3ac9-4e6c-b714-8548270d4dcb',
    log_ids: [ '', 'log-a' ]
  }
}

 ✓ |backup| test/backup/backup.workers.test.ts > BACKUP-1b-ii > empty log ID is backed up and differs from an absent pagination cursor 786ms
Sourcemap for "/home/jes/commonplace-log/worker/node_modules/@cloudflare/containers/dist/index.js" points to missing source files
Sourcemap for "/home/jes/commonplace-log/worker/node_modules/@cloudflare/containers/dist/lib/container.js" points to missing source files
Sourcemap for "/home/jes/commonplace-log/worker/node_modules/@cloudflare/containers/dist/lib/helpers.js" points to missing source files
stdout | test/backup/backup.workers.test.ts > BACKUP-1b-ii > list-logs requires authority, admits READ alone, pages sorted IDs and stays realm-local
LIST BASE { ok: true, log_ids: [], next_after_log_id: null }

Sourcemap for "/home/jes/commonplace-log/worker/node_modules/@cloudflare/containers/dist/lib/utils.js" points to missing source files
stdout | test/backup/backup.workers.test.ts > BACKUP-1b-ii > list-logs requires authority, admits READ alone, pages sorted IDs and stays realm-local
LIST RESULT no capability=401 other realm=401 READ=200 { ok: true, log_ids: [ 'log-a' ], next_after_log_id: 'log-a' } { ok: true, log_ids: [ 'log-b' ], next_after_log_id: null }

 ✓ |backup| test/backup/backup.workers.test.ts > BACKUP-1b-ii > list-logs requires authority, admits READ alone, pages sorted IDs and stays realm-local 682ms
A header value for "MF-Vitest-Source" contains non-ASCII characters: "test/do/schema.test.ts's suite "§12 schema DDL fidelity gate (copy, don't retype)"" (raw bytes: "\x74\x65\x73\x74\x2f\x64\x6f\x2f\x73\x63\x68\x65\x6d\x61\x2e\x74\x65\x73\x74\x2e\x74\x73\x27\x73\x20\x73\x75\x69\x74\x65\x20\x22\xc2\xa7\x31\x32\x20\x73\x63\x68\x65\x6d\x61\x20\x44\x44\x4c\x20\x66\x69\x64\x65\x6c\x69\x74\x79\x20\x67\x61\x74\x65\x20\x28\x63\x6f\x70\x79\x2c\x20\x64\x6f\x6e\x27\x74\x20\x72\x65\x74\x79\x70\x65\x29\x22"). As a quirk to support Unicode, we are encoding values as UTF-8 in the header, but in a browser this would likely result in a TypeError exception. Consider encoding this string in ASCII for compatibility with browser implementations of the Fetch specification.
A header value for "MF-Vitest-Source" contains non-ASCII characters: "test/do/reads.test.ts's suite "frontier (§9.4)"" (raw bytes: "\x74\x65\x73\x74\x2f\x64\x6f\x2f\x72\x65\x61\x64\x73\x2e\x74\x65\x73\x74\x2e\x74\x73\x27\x73\x20\x73\x75\x69\x74\x65\x20\x22\x66\x72\x6f\x6e\x74\x69\x65\x72\x20\x28\xc2\xa7\x39\x2e\x34\x29\x22"). As a quirk to support Unicode, we are encoding values as UTF-8 in the header, but in a browser this would likely result in a TypeError exception. Consider encoding this string in ASCII for compatibility with browser implementations of the Fetch specification.
A header value for "MF-Vitest-Source" contains non-ASCII characters: "test/do/store.test.ts's suite "createLog (§9.1)"" (raw bytes: "\x74\x65\x73\x74\x2f\x64\x6f\x2f\x73\x74\x6f\x72\x65\x2e\x74\x65\x73\x74\x2e\x74\x73\x27\x73\x20\x73\x75\x69\x74\x65\x20\x22\x63\x72\x65\x61\x74\x65\x4c\x6f\x67\x20\x28\xc2\xa7\x39\x2e\x31\x29\x22"). As a quirk to support Unicode, we are encoding values as UTF-8 in the header, but in a browser this would likely result in a TypeError exception. Consider encoding this string in ASCII for compatibility with browser implementations of the Fetch specification.
A header value for "MF-Vitest-Source" contains non-ASCII characters: "test/do/merge.test.ts's suite "mergeEntries (§12.1 / §9.3)"" (raw bytes: "\x74\x65\x73\x74\x2f\x64\x6f\x2f\x6d\x65\x72\x67\x65\x2e\x74\x65\x73\x74\x2e\x74\x73\x27\x73\x20\x73\x75\x69\x74\x65\x20\x22\x6d\x65\x72\x67\x65\x45\x6e\x74\x72\x69\x65\x73\x20\x28\xc2\xa7\x31\x32\x2e\x31\x20\x2f\x20\xc2\xa7\x39\x2e\x33\x29\x22"). As a quirk to support Unicode, we are encoding values as UTF-8 in the header, but in a browser this would likely result in a TypeError exception. Consider encoding this string in ASCII for compatibility with browser implementations of the Fetch specification.
A header value for "MF-Vitest-Source" contains non-ASCII characters: "test/do/http.test.ts's suite "PUT /v1/logs/{log_id} (§11.1)"" (raw bytes: "\x74\x65\x73\x74\x2f\x64\x6f\x2f\x68\x74\x74\x70\x2e\x74\x65\x73\x74\x2e\x74\x73\x27\x73\x20\x73\x75\x69\x74\x65\x20\x22\x50\x55\x54\x20\x2f\x76\x31\x2f\x6c\x6f\x67\x73\x2f\x7b\x6c\x6f\x67\x5f\x69\x64\x7d\x20\x28\xc2\xa7\x31\x31\x2e\x31\x29\x22"). As a quirk to support Unicode, we are encoding values as UTF-8 in the header, but in a browser this would likely result in a TypeError exception. Consider encoding this string in ASCII for compatibility with browser implementations of the Fetch specification.
A header value for "MF-Vitest-Source" contains non-ASCII characters: "test/do/schema.test.ts's test "SCHEMA_DDL contains each of the four §12 statements exactly"" (raw bytes: "\x74\x65\x73\x74\x2f\x64\x6f\x2f\x73\x63\x68\x65\x6d\x61\x2e\x74\x65\x73\x74\x2e\x74\x73\x27\x73\x20\x74\x65\x73\x74\x20\x22\x53\x43\x48\x45\x4d\x41\x5f\x44\x44\x4c\x20\x63\x6f\x6e\x74\x61\x69\x6e\x73\x20\x65\x61\x63\x68\x20\x6f\x66\x20\x74\x68\x65\x20\x66\x6f\x75\x72\x20\xc2\xa7\x31\x32\x20\x73\x74\x61\x74\x65\x6d\x65\x6e\x74\x73\x20\x65\x78\x61\x63\x74\x6c\x79\x22"). As a quirk to support Unicode, we are encoding values as UTF-8 in the header, but in a browser this would likely result in a TypeError exception. Consider encoding this string in ASCII for compatibility with browser implementations of the Fetch specification.
A header value for "MF-Vitest-Source" contains non-ASCII characters: "test/do/schema.test.ts's test "SCHEMA_DDL contains each of the four §12 statements exactly"" (raw bytes: "\x74\x65\x73\x74\x2f\x64\x6f\x2f\x73\x63\x68\x65\x6d\x61\x2e\x74\x65\x73\x74\x2e\x74\x73\x27\x73\x20\x74\x65\x73\x74\x20\x22\x53\x43\x48\x45\x4d\x41\x5f\x44\x44\x4c\x20\x63\x6f\x6e\x74\x61\x69\x6e\x73\x20\x65\x61\x63\x68\x20\x6f\x66\x20\x74\x68\x65\x20\x66\x6f\x75\x72\x20\xc2\xa7\x31\x32\x20\x73\x74\x61\x74\x65\x6d\x65\x6e\x74\x73\x20\x65\x78\x61\x63\x74\x6c\x79\x22"). As a quirk to support Unicode, we are encoding values as UTF-8 in the header, but in a browser this would likely result in a TypeError exception. Consider encoding this string in ASCII for compatibility with browser implementations of the Fetch specification.
 ✓ |do| test/realm/schema.workers.test.ts > realm section 7.2 schema on real DO SQLite > keeps the illustrative section 7.2 DDL byte-for-byte 165ms
 ✓ |do| test/realm/store.workers.test.ts > realm store > creates many idempotent logs in one database 314ms
 ✓ |do| test/do/schema.test.ts > §12 schema DDL fidelity gate (copy, don't retype) > SCHEMA_DDL contains each of the four §12 statements exactly 249ms
A header value for "MF-Vitest-Source" contains non-ASCII characters: "test/do/schema.test.ts's test "SCHEMA_DDL equals the whole §12 block — no fifth statement can hide"" (raw bytes: "\x74\x65\x73\x74\x2f\x64\x6f\x2f\x73\x63\x68\x65\x6d\x61\x2e\x74\x65\x73\x74\x2e\x74\x73\x27\x73\x20\x74\x65\x73\x74\x20\x22\x53\x43\x48\x45\x4d\x41\x5f\x44\x44\x4c\x20\x65\x71\x75\x61\x6c\x73\x20\x74\x68\x65\x20\x77\x68\x6f\x6c\x65\x20\xc2\xa7\x31\x32\x20\x62\x6c\x6f\x63\x6b\x20\xe2\x80\x94\x20\x6e\x6f\x20\x66\x69\x66\x74\x68\x20\x73\x74\x61\x74\x65\x6d\x65\x6e\x74\x20\x63\x61\x6e\x20\x68\x69\x64\x65\x22"). As a quirk to support Unicode, we are encoding values as UTF-8 in the header, but in a browser this would likely result in a TypeError exception. Consider encoding this string in ASCII for compatibility with browser implementations of the Fetch specification.
 ✓ |do| test/do/smoke.test.ts > workers-pool smoke > executes `select 1` against real DO SQLite storage 387ms
 ✓ |do| test/realm/ingress.workers.test.ts > realm ingress > serves GET / unauthenticated 349ms
stdout | test/backup/backup.workers.test.ts > BACKUP-1b-ii > A1: repeated backup appends zero; identical coordinates across logs remain distinct; new entry adds one
A1 BASE []

 ✓ |do| test/do/reads.test.ts > frontier (§9.4) > before createLog fails with log_not_found 376ms
 ✓ |do| test/do/store.test.ts > createLog (§9.1) > creates the log_meta singleton row with the log_id and format_version 1 367ms
A header value for "MF-Vitest-Source" contains non-ASCII characters: "test/do/schema.test.ts's test "SCHEMA_DDL equals the whole §12 block — no fifth statement can hide"" (raw bytes: "\x74\x65\x73\x74\x2f\x64\x6f\x2f\x73\x63\x68\x65\x6d\x61\x2e\x74\x65\x73\x74\x2e\x74\x73\x27\x73\x20\x74\x65\x73\x74\x20\x22\x53\x43\x48\x45\x4d\x41\x5f\x44\x44\x4c\x20\x65\x71\x75\x61\x6c\x73\x20\x74\x68\x65\x20\x77\x68\x6f\x6c\x65\x20\xc2\xa7\x31\x32\x20\x62\x6c\x6f\x63\x6b\x20\xe2\x80\x94\x20\x6e\x6f\x20\x66\x69\x66\x74\x68\x20\x73\x74\x61\x74\x65\x6d\x65\x6e\x74\x20\x63\x61\x6e\x20\x68\x69\x64\x65\x22"). As a quirk to support Unicode, we are encoding values as UTF-8 in the header, but in a browser this would likely result in a TypeError exception. Consider encoding this string in ASCII for compatibility with browser implementations of the Fetch specification.
 ✓ |do| test/realm/delete_all.workers.test.ts > REALM-REMOVE-1a: does deleteAll() drop SQL, not just key-value? > D1 removes the realm: a write capability that authorised before reads not_found after 364ms
 ✓ |do| test/realm/registry.workers.test.ts > BACKUP-1b-i realm registry > I1: create registers the realm, and the stored value is a WORKING read capability 418ms
 ✓ |do| test/realm/schema.workers.test.ts > realm section 7.2 schema on real DO SQLite > creates all STRICT tables, both indexes, the epoch, and additive triggers 370ms
A header value for "MF-Vitest-Source" contains non-ASCII characters: "test/do/conformance.test.ts's suite "§18 conformance (items 1–12)"" (raw bytes: "\x74\x65\x73\x74\x2f\x64\x6f\x2f\x63\x6f\x6e\x66\x6f\x72\x6d\x61\x6e\x63\x65\x2e\x74\x65\x73\x74\x2e\x74\x73\x27\x73\x20\x73\x75\x69\x74\x65\x20\x22\xc2\xa7\x31\x38\x20\x63\x6f\x6e\x66\x6f\x72\x6d\x61\x6e\x63\x65\x20\x28\x69\x74\x65\x6d\x73\x20\x31\xe2\x80\x93\x31\x32\x29\x22"). As a quirk to support Unicode, we are encoding values as UTF-8 in the header, but in a browser this would likely result in a TypeError exception. Consider encoding this string in ASCII for compatibility with browser implementations of the Fetch specification.
 ✓ |do| test/do/http.test.ts > PUT /v1/logs/{log_id} (§11.1) > returns 200 with application/json on first create 385ms
 ✓ |do| test/do/merge.test.ts > mergeEntries (§12.1 / §9.3) > before createLog fails with log_not_found 392ms
A header value for "MF-Vitest-Source" contains non-ASCII characters: "test/do/conformance.test.ts's test "§18.1 repeating one append produces one stored entry"" (raw bytes: "\x74\x65\x73\x74\x2f\x64\x6f\x2f\x63\x6f\x6e\x66\x6f\x72\x6d\x61\x6e\x63\x65\x2e\x74\x65\x73\x74\x2e\x74\x73\x27\x73\x20\x74\x65\x73\x74\x20\x22\xc2\xa7\x31\x38\x2e\x31\x20\x72\x65\x70\x65\x61\x74\x69\x6e\x67\x20\x6f\x6e\x65\x20\x61\x70\x70\x65\x6e\x64\x20\x70\x72\x6f\x64\x75\x63\x65\x73\x20\x6f\x6e\x65\x20\x73\x74\x6f\x72\x65\x64\x20\x65\x6e\x74\x72\x79\x22"). As a quirk to support Unicode, we are encoding values as UTF-8 in the header, but in a browser this would likely result in a TypeError exception. Consider encoding this string in ASCII for compatibility with browser implementations of the Fetch specification.
 ✓ |do| test/do/schema.test.ts > §12 schema DDL fidelity gate (copy, don't retype) > SCHEMA_DDL equals the whole §12 block — no fifth statement can hide 250ms
 ✓ |do| test/realm/store.workers.test.ts > realm store > reads never create: all stored SQLite state is byte-for-byte unchanged 288ms
 ✓ |do| test/realm/http.workers.test.ts > RealmContainer HTTP contract > creates a realm once, stores only its hash, and refuses public unauthenticated store access 575ms
 ✓ |do| test/realm/read_capability.workers.test.ts > STORE-3b read capability > R1: every WRITE route refuses the read capability and admits the write secret 274ms
 ✓ |do| test/do/reads.test.ts > frontier (§9.4) > empty log -> [] (writers with no entries are omitted) 260ms
 ✓ |do| test/do/store.test.ts > createLog (§9.1) > is idempotent: calling twice with the same log_id leaves exactly one row 297ms
A header value for "MF-Vitest-Source" contains non-ASCII characters: "test/do/schema.test.ts's suite "§12 schema DDL fidelity gate (copy, don't retype)"" (raw bytes: "\x74\x65\x73\x74\x2f\x64\x6f\x2f\x73\x63\x68\x65\x6d\x61\x2e\x74\x65\x73\x74\x2e\x74\x73\x27\x73\x20\x73\x75\x69\x74\x65\x20\x22\xc2\xa7\x31\x32\x20\x73\x63\x68\x65\x6d\x61\x20\x44\x44\x4c\x20\x66\x69\x64\x65\x6c\x69\x74\x79\x20\x67\x61\x74\x65\x20\x28\x63\x6f\x70\x79\x2c\x20\x64\x6f\x6e\x27\x74\x20\x72\x65\x74\x79\x70\x65\x29\x22"). As a quirk to support Unicode, we are encoding values as UTF-8 in the header, but in a browser this would likely result in a TypeError exception. Consider encoding this string in ASCII for compatibility with browser implementations of the Fetch specification.
 ✓ |do| test/realm/delete_all.workers.test.ts > REALM-REMOVE-1a: does deleteAll() drop SQL, not just key-value? > D2 drops the SQL TABLE itself, not merely its rows 328ms
 ✓ |do| test/realm/schema.workers.test.ts > realm section 7.2 schema on real DO SQLite > is idempotent 284ms
 ✓ |do| test/realm/registry.workers.test.ts > BACKUP-1b-i realm registry > I2: the capability is NEVER returned over the wire 291ms
 ✓ |do| test/do/merge.test.ts > mergeEntries (§12.1 / §9.3) > fresh-writer batch inserts all entries with exact canonical bytes and correct frontier 303ms
 ✓ |do| test/do/http.test.ts > PUT /v1/logs/{log_id} (§11.1) > returns 200 again when the log already exists (idempotent) 314ms
 ✓ |do| test/do/schema.test.ts > §12 schema DDL fidelity gate (copy, don't retype) > control: a deliberately perturbed statement does NOT match (the gate can fire) 194ms
 ✓ |do| test/realm/store.workers.test.ts > realm store > takes monotonically increasing writer leases 295ms
A header value for "MF-Vitest-Source" contains non-ASCII characters: "test/do/conformance.test.ts's test "§18.1 repeating one append produces one stored entry"" (raw bytes: "\x74\x65\x73\x74\x2f\x64\x6f\x2f\x63\x6f\x6e\x66\x6f\x72\x6d\x61\x6e\x63\x65\x2e\x74\x65\x73\x74\x2e\x74\x73\x27\x73\x20\x74\x65\x73\x74\x20\x22\xc2\xa7\x31\x38\x2e\x31\x20\x72\x65\x70\x65\x61\x74\x69\x6e\x67\x20\x6f\x6e\x65\x20\x61\x70\x70\x65\x6e\x64\x20\x70\x72\x6f\x64\x75\x63\x65\x73\x20\x6f\x6e\x65\x20\x73\x74\x6f\x72\x65\x64\x20\x65\x6e\x74\x72\x79\x22"). As a quirk to support Unicode, we are encoding values as UTF-8 in the header, but in a browser this would likely result in a TypeError exception. Consider encoding this string in ASCII for compatibility with browser implementations of the Fetch specification.
 ✓ |do| test/realm/read_capability.workers.test.ts > STORE-3b read capability > R2: the read capability reaches every READ route, and cannot reach the mint route 336ms
 ✓ |do| test/realm/http.workers.test.ts > RealmContainer HTTP contract > returns 404 for every public route before realm creation 390ms
 ✓ |do| test/do/reads.test.ts > frontier (§9.4) > three writers appended out of lexicographic order -> sorted by writerId 309ms
stdout | test/realm/realm_remove.workers.test.ts > REALM-REMOVE-1b > R1: gateway create and entry write, positive frontier, removal, same-capability not_found
R1 CONTROL entry commit=200 frontier=200 writers=1

 ✓ |do| test/do/store.test.ts > createLog (§9.1) > rejects a DIFFERENT log_id on the same instance with log_mismatch 298ms
 ✓ |do| test/realm/schema.workers.test.ts > realm section 7.2 schema on real DO SQLite > idempotently migrates an existing pre-writer-column database without changing its rows 297ms
 ✓ |do| test/realm/registry.workers.test.ts > BACKUP-1b-i realm registry > I3: an unbound registry REFUSES, and creates nothing 295ms
 ✓ |do| test/realm/delete_all.workers.test.ts > REALM-REMOVE-1a: does deleteAll() drop SQL, not just key-value? > D3 is not a mock: the same object is usable again afterwards, so removal is not corruption 321ms
 ✓ |do| test/do/conformance.test.ts > §18 conformance (items 1–12) > §18.1 repeating one append produces one stored entry 543ms
 ✓ |do| test/do/merge.test.ts > mergeEntries (§12.1 / §9.3) > lanes may mix v1/v2 and operation_id is persisted but not uniqueness-enforced 284ms
A header value for "MF-Vitest-Source" contains non-ASCII characters: "test/do/conformance.test.ts's test "§18.2 retrying after a simulated lost acknowledgement is idempotent"" (raw bytes: "\x74\x65\x73\x74\x2f\x64\x6f\x2f\x63\x6f\x6e\x66\x6f\x72\x6d\x61\x6e\x63\x65\x2e\x74\x65\x73\x74\x2e\x74\x73\x27\x73\x20\x74\x65\x73\x74\x20\x22\xc2\xa7\x31\x38\x2e\x32\x20\x72\x65\x74\x72\x79\x69\x6e\x67\x20\x61\x66\x74\x65\x72\x20\x61\x20\x73\x69\x6d\x75\x6c\x61\x74\x65\x64\x20\x6c\x6f\x73\x74\x20\x61\x63\x6b\x6e\x6f\x77\x6c\x65\x64\x67\x65\x6d\x65\x6e\x74\x20\x69\x73\x20\x69\x64\x65\x6d\x70\x6f\x74\x65\x6e\x74\x22"). As a quirk to support Unicode, we are encoding values as UTF-8 in the header, but in a browser this would likely result in a TypeError exception. Consider encoding this string in ASCII for compatibility with browser implementations of the Fetch specification.
 ✓ |do| test/do/http.test.ts > PUT /v1/logs/{log_id} (§11.1) > malformed JSON body -> 400 invalid_json 287ms
A header value for "MF-Vitest-Source" contains non-ASCII characters: "test/do/merge.test.ts's test "frontier lists ALL writers sorted by writerId even when inserted out of order (§9.4)"" (raw bytes: "\x74\x65\x73\x74\x2f\x64\x6f\x2f\x6d\x65\x72\x67\x65\x2e\x74\x65\x73\x74\x2e\x74\x73\x27\x73\x20\x74\x65\x73\x74\x20\x22\x66\x72\x6f\x6e\x74\x69\x65\x72\x20\x6c\x69\x73\x74\x73\x20\x41\x4c\x4c\x20\x77\x72\x69\x74\x65\x72\x73\x20\x73\x6f\x72\x74\x65\x64\x20\x62\x79\x20\x77\x72\x69\x74\x65\x72\x49\x64\x20\x65\x76\x65\x6e\x20\x77\x68\x65\x6e\x20\x69\x6e\x73\x65\x72\x74\x65\x64\x20\x6f\x75\x74\x20\x6f\x66\x20\x6f\x72\x64\x65\x72\x20\x28\xc2\xa7\x39\x2e\x34\x29\x22"). As a quirk to support Unicode, we are encoding values as UTF-8 in the header, but in a browser this would likely result in a TypeError exception. Consider encoding this string in ASCII for compatibility with browser implementations of the Fetch specification.
 ✓ |do| test/realm/store.workers.test.ts > realm store > current revision commits atomically and stale_revision writes nothing 293ms
 ✓ |do| test/do/schema.test.ts > initSchema > creates the three STRICT tables and the entries_by_writer index (verified via sqlite_master) 221ms
 ✓ |do| test/realm/ingress.workers.test.ts > realm ingress > creates once with and without a location hint and returns the secret only once 797ms
workerd/io/io-context.c++:435: info: uncaught exception; exception = workerd/api/global-scope.c++:46: failed: jsg.TypeError: Can't read from request stream after response has been sent.
stack: /home/jes/commonplace-log/worker/node_modules/@cloudflare/workerd-linux-64/bin/workerd@1f2e6b0 /home/jes/commonplace-log/worker/node_modules/@cloudflare/workerd-linux-64/bin/workerd@2d78ab4 /home/jes/commonplace-log/worker/node_modules/@cloudflare/workerd-linux-64/bin/workerd@2d78b58
 ✓ |do| test/do/reads.test.ts > frontier (§9.4) > each writer appears ONCE with its TIP entry, not its first entry 233ms
 ✓ |do| test/realm/read_capability.workers.test.ts > STORE-3b read capability > R3: mint is single-use until revoked, and a revoked capability stops authorising 260ms
A header value for "MF-Vitest-Source" contains non-ASCII characters: "test/do/merge.test.ts's test "frontier lists ALL writers sorted by writerId even when inserted out of order (§9.4)"" (raw bytes: "\x74\x65\x73\x74\x2f\x64\x6f\x2f\x6d\x65\x72\x67\x65\x2e\x74\x65\x73\x74\x2e\x74\x73\x27\x73\x20\x74\x65\x73\x74\x20\x22\x66\x72\x6f\x6e\x74\x69\x65\x72\x20\x6c\x69\x73\x74\x73\x20\x41\x4c\x4c\x20\x77\x72\x69\x74\x65\x72\x73\x20\x73\x6f\x72\x74\x65\x64\x20\x62\x79\x20\x77\x72\x69\x74\x65\x72\x49\x64\x20\x65\x76\x65\x6e\x20\x77\x68\x65\x6e\x20\x69\x6e\x73\x65\x72\x74\x65\x64\x20\x6f\x75\x74\x20\x6f\x66\x20\x6f\x72\x64\x65\x72\x20\x28\xc2\xa7\x39\x2e\x34\x29\x22"). As a quirk to support Unicode, we are encoding values as UTF-8 in the header, but in a browser this would likely result in a TypeError exception. Consider encoding this string in ASCII for compatibility with browser implementations of the Fetch specification.
stdout | test/realm/realm_remove.workers.test.ts > REALM-REMOVE-1b > R1: gateway create and entry write, positive frontier, removal, same-capability not_found
R1 RESULT delete=204 same-write frontier=404

 ✓ |do| test/do/store.test.ts > createLog (§9.1) > rejects reuse of the physical store by a FRESH instance with a different log_id 234ms
A header value for "MF-Vitest-Source" contains non-ASCII characters: "test/do/store.test.ts's suite "createLog (§9.1)"" (raw bytes: "\x74\x65\x73\x74\x2f\x64\x6f\x2f\x73\x74\x6f\x72\x65\x2e\x74\x65\x73\x74\x2e\x74\x73\x27\x73\x20\x73\x75\x69\x74\x65\x20\x22\x63\x72\x65\x61\x74\x65\x4c\x6f\x67\x20\x28\xc2\xa7\x39\x2e\x31\x29\x22"). As a quirk to support Unicode, we are encoding values as UTF-8 in the header, but in a browser this would likely result in a TypeError exception. Consider encoding this string in ASCII for compatibility with browser implementations of the Fetch specification.
 ✓ |do| test/realm/registry.workers.test.ts > BACKUP-1b-i realm registry > I3b: the development lever admits the unbound registry, and says so by name 265ms
stdout | test/backup/backup.workers.test.ts > BACKUP-1b-ii > A1: repeated backup appends zero; identical coordinates across logs remain distinct; new entry adds one
A1 RUN1 [
  'fadf4de4-7e73-4197-a935-20aafe62660b/log-a/frontier.json',
  'fadf4de4-7e73-4197-a935-20aafe62660b/log-a/writer-a/000000000001.json',
  'fadf4de4-7e73-4197-a935-20aafe62660b/log-a/writer-b/000000000001.json',
  'fadf4de4-7e73-4197-a935-20aafe62660b/log-b/frontier.json',
  'fadf4de4-7e73-4197-a935-20aafe62660b/log-b/writer-a/000000000001.json',
  'fadf4de4-7e73-4197-a935-20aafe62660b/manifest.json'
] RUN2 [
  'fadf4de4-7e73-4197-a935-20aafe62660b/log-a/frontier.json',
  'fadf4de4-7e73-4197-a935-20aafe62660b/log-a/writer-a/000000000001.json',
  'fadf4de4-7e73-4197-a935-20aafe62660b/log-a/writer-b/000000000001.json',
  'fadf4de4-7e73-4197-a935-20aafe62660b/log-b/frontier.json',
  'fadf4de4-7e73-4197-a935-20aafe62660b/log-b/writer-a/000000000001.json',
  'fadf4de4-7e73-4197-a935-20aafe62660b/manifest.json'
] RUN3 [
  'fadf4de4-7e73-4197-a935-20aafe62660b/log-a/frontier.json',
  'fadf4de4-7e73-4197-a935-20aafe62660b/log-a/writer-a/000000000001.json',
  'fadf4de4-7e73-4197-a935-20aafe62660b/log-a/writer-a/000000000002.json',
  'fadf4de4-7e73-4197-a935-20aafe62660b/log-a/writer-b/000000000001.json',
  'fadf4de4-7e73-4197-a935-20aafe62660b/log-b/frontier.json',
  'fadf4de4-7e73-4197-a935-20aafe62660b/log-b/writer-a/000000000001.json',
  'fadf4de4-7e73-4197-a935-20aafe62660b/manifest.json'
]

 ✓ |do| test/realm/schema.workers.test.ts > realm section 7.2 schema on real DO SQLite > immutability UPDATE and DELETE errors have the observed workerd spelling 314ms
 ✓ |do| test/do/merge.test.ts > mergeEntries (§12.1 / §9.3) > frontier lists ALL writers sorted by writerId even when inserted out of order (§9.4) 278ms
 ✓ |do| test/do/http.test.ts > PUT /v1/logs/{log_id} (§11.1) > body without version 1 -> 422 invalid_entry with a reason detail 268ms
 ✓ |do| test/realm/realm_remove.workers.test.ts > REALM-REMOVE-1b > R1: gateway create and entry write, positive frontier, removal, same-capability not_found 1076ms
A header value for "MF-Vitest-Source" contains non-ASCII characters: "test/do/http.test.ts's suite "PUT /v1/logs/{log_id} (§11.1)"" (raw bytes: "\x74\x65\x73\x74\x2f\x64\x6f\x2f\x68\x74\x74\x70\x2e\x74\x65\x73\x74\x2e\x74\x73\x27\x73\x20\x73\x75\x69\x74\x65\x20\x22\x50\x55\x54\x20\x2f\x76\x31\x2f\x6c\x6f\x67\x73\x2f\x7b\x6c\x6f\x67\x5f\x69\x64\x7d\x20\x28\xc2\xa7\x31\x31\x2e\x31\x29\x22"). As a quirk to support Unicode, we are encoding values as UTF-8 in the header, but in a browser this would likely result in a TypeError exception. Consider encoding this string in ASCII for compatibility with browser implementations of the Fetch specification.
A header value for "MF-Vitest-Source" contains non-ASCII characters: "test/do/store.test.ts's suite "append (§9.2)"" (raw bytes: "\x74\x65\x73\x74\x2f\x64\x6f\x2f\x73\x74\x6f\x72\x65\x2e\x74\x65\x73\x74\x2e\x74\x73\x27\x73\x20\x73\x75\x69\x74\x65\x20\x22\x61\x70\x70\x65\x6e\x64\x20\x28\xc2\xa7\x39\x2e\x32\x29\x22"). As a quirk to support Unicode, we are encoding values as UTF-8 in the header, but in a browser this would likely result in a TypeError exception. Consider encoding this string in ASCII for compatibility with browser implementations of the Fetch specification.
 ✓ |do| test/do/schema.test.ts > initSchema > is idempotent: re-running initSchema is a no-op and preserves existing data 272ms
 ✓ |do| test/realm/store.workers.test.ts > realm store > obsolete_epoch is distinct from stale_revision and writes nothing 287ms
A header value for "MF-Vitest-Source" contains non-ASCII characters: "test/do/conformance.test.ts's test "§18.2 retrying after a simulated lost acknowledgement is idempotent"" (raw bytes: "\x74\x65\x73\x74\x2f\x64\x6f\x2f\x63\x6f\x6e\x66\x6f\x72\x6d\x61\x6e\x63\x65\x2e\x74\x65\x73\x74\x2e\x74\x73\x27\x73\x20\x74\x65\x73\x74\x20\x22\xc2\xa7\x31\x38\x2e\x32\x20\x72\x65\x74\x72\x79\x69\x6e\x67\x20\x61\x66\x74\x65\x72\x20\x61\x20\x73\x69\x6d\x75\x6c\x61\x74\x65\x64\x20\x6c\x6f\x73\x74\x20\x61\x63\x6b\x6e\x6f\x77\x6c\x65\x64\x67\x65\x6d\x65\x6e\x74\x20\x69\x73\x20\x69\x64\x65\x6d\x70\x6f\x74\x65\x6e\x74\x22"). As a quirk to support Unicode, we are encoding values as UTF-8 in the header, but in a browser this would likely result in a TypeError exception. Consider encoding this string in ASCII for compatibility with browser implementations of the Fetch specification.
 ✓ |backup| test/backup/backup.workers.test.ts > BACKUP-1b-ii > A1: repeated backup appends zero; identical coordinates across logs remain distinct; new entry adds one 1759ms
 ✓ |do| test/do/reads.test.ts > frontier (§9.4) > reflects mixed merge AND append state across writers 256ms
 ✓ |do| test/realm/ingress.workers.test.ts > realm ingress > rejects invalid create bodies and location hints with 400 314ms
A header value for "MF-Vitest-Source" contains non-ASCII characters: "test/do/http.test.ts's suite "DO name <-> log_id verification (§13.1)"" (raw bytes: "\x74\x65\x73\x74\x2f\x64\x6f\x2f\x68\x74\x74\x70\x2e\x74\x65\x73\x74\x2e\x74\x73\x27\x73\x20\x73\x75\x69\x74\x65\x20\x22\x44\x4f\x20\x6e\x61\x6d\x65\x20\x3c\x2d\x3e\x20\x6c\x6f\x67\x5f\x69\x64\x20\x76\x65\x72\x69\x66\x69\x63\x61\x74\x69\x6f\x6e\x20\x28\xc2\xa7\x31\x33\x2e\x31\x29\x22"). As a quirk to support Unicode, we are encoding values as UTF-8 in the header, but in a browser this would likely result in a TypeError exception. Consider encoding this string in ASCII for compatibility with browser implementations of the Fetch specification.
 ✓ |do| test/realm/http.workers.test.ts > RealmContainer HTTP contract > does not let realm secrets cross and does not open create through the realm-secret path 543ms
 ✓ |do| test/do/conformance.test.ts > §18 conformance (items 1–12) > §18.2 retrying after a simulated lost acknowledgement is idempotent 493ms
 ✓ |do| test/realm/read_capability.workers.test.ts > STORE-3b read capability > R4: a realm that EXISTED before the column can still authorise, and can be minted for 352ms
stdout | test/realm/realm_remove.workers.test.ts > REALM-REMOVE-1b > R2: reachable WRITE deletion refuses a read capability without removing its realm
R2 CONTROL write removal reached=204 read frontier=200

 ✓ |do| test/realm/registry.workers.test.ts > BACKUP-1b-i realm registry > I4: a registry write failure is NAMED, and the realm remains reachable 255ms
A header value for "MF-Vitest-Source" contains non-ASCII characters: "test/do/conformance.test.ts's test "§18.3 two replicas appending under different writer IDs converge in either sync order"" (raw bytes: "\x74\x65\x73\x74\x2f\x64\x6f\x2f\x63\x6f\x6e\x66\x6f\x72\x6d\x61\x6e\x63\x65\x2e\x74\x65\x73\x74\x2e\x74\x73\x27\x73\x20\x74\x65\x73\x74\x20\x22\xc2\xa7\x31\x38\x2e\x33\x20\x74\x77\x6f\x20\x72\x65\x70\x6c\x69\x63\x61\x73\x20\x61\x70\x70\x65\x6e\x64\x69\x6e\x67\x20\x75\x6e\x64\x65\x72\x20\x64\x69\x66\x66\x65\x72\x65\x6e\x74\x20\x77\x72\x69\x74\x65\x72\x20\x49\x44\x73\x20\x63\x6f\x6e\x76\x65\x72\x67\x65\x20\x69\x6e\x20\x65\x69\x74\x68\x65\x72\x20\x73\x79\x6e\x63\x20\x6f\x72\x64\x65\x72\x22"). As a quirk to support Unicode, we are encoding values as UTF-8 in the header, but in a browser this would likely result in a TypeError exception. Consider encoding this string in ASCII for compatibility with browser implementations of the Fetch specification.
stdout | test/realm/realm_remove.workers.test.ts > REALM-REMOVE-1b > R2: reachable WRITE deletion refuses a read capability without removing its realm
R2 RESULT read delete=403 forbidden_scope surviving frontier=200

 ✓ |do| test/realm/schema.workers.test.ts > realm section 7.2 schema on real DO SQLite > rejects canonical_json larger than 1 MiB 293ms
 ✓ |do| test/do/merge.test.ts > mergeEntries (§12.1 / §9.3) > extension batch continues an existing chain from tip+1 291ms
A header value for "MF-Vitest-Source" contains non-ASCII characters: "test/do/merge.test.ts's test "re-sending an identical batch is a no-op: inserted 0, present n, state unchanged (§8 inv 9)"" (raw bytes: "\x74\x65\x73\x74\x2f\x64\x6f\x2f\x6d\x65\x72\x67\x65\x2e\x74\x65\x73\x74\x2e\x74\x73\x27\x73\x20\x74\x65\x73\x74\x20\x22\x72\x65\x2d\x73\x65\x6e\x64\x69\x6e\x67\x20\x61\x6e\x20\x69\x64\x65\x6e\x74\x69\x63\x61\x6c\x20\x62\x61\x74\x63\x68\x20\x69\x73\x20\x61\x20\x6e\x6f\x2d\x6f\x70\x3a\x20\x69\x6e\x73\x65\x72\x74\x65\x64\x20\x30\x2c\x20\x70\x72\x65\x73\x65\x6e\x74\x20\x6e\x2c\x20\x73\x74\x61\x74\x65\x20\x75\x6e\x63\x68\x61\x6e\x67\x65\x64\x20\x28\xc2\xa7\x38\x20\x69\x6e\x76\x20\x39\x29\x22"). As a quirk to support Unicode, we are encoding values as UTF-8 in the header, but in a browser this would likely result in a TypeError exception. Consider encoding this string in ASCII for compatibility with browser implementations of the Fetch specification.
 ✓ |do| test/realm/store.workers.test.ts > realm store > returns one coherent read-set with its exact shape 283ms
 ✓ |do| test/do/store.test.ts > append (§9.2) > before createLog fails with log_not_found 280ms
 ✓ |do| test/do/schema.test.ts > initSchema > installs both immutability triggers (entries_no_update, entries_no_delete) 302ms
 ✓ |do| test/realm/realm_remove.workers.test.ts > REALM-REMOVE-1b > R2: reachable WRITE deletion refuses a read capability without removing its realm 354ms
stdout | test/backup/backup.workers.test.ts > BACKUP-1b-ii > A2: a real checkpoint put failure leaves entries but no frontier/manifest; resume completes
A2 BASE []

 ✓ |do| test/do/http.test.ts > DO name <-> log_id verification (§13.1) > path log_id differing from the object name -> 409 log_mismatch with both names in details 216ms
 ✓ |do| test/do/reads.test.ts > frontier (§9.4) > equals the frontier mergeEntries returns for the same state (single code path) 328ms
A header value for "MF-Vitest-Source" contains non-ASCII characters: "test/do/merge.test.ts's test "re-sending an identical batch is a no-op: inserted 0, present n, state unchanged (§8 inv 9)"" (raw bytes: "\x74\x65\x73\x74\x2f\x64\x6f\x2f\x6d\x65\x72\x67\x65\x2e\x74\x65\x73\x74\x2e\x74\x73\x27\x73\x20\x74\x65\x73\x74\x20\x22\x72\x65\x2d\x73\x65\x6e\x64\x69\x6e\x67\x20\x61\x6e\x20\x69\x64\x65\x6e\x74\x69\x63\x61\x6c\x20\x62\x61\x74\x63\x68\x20\x69\x73\x20\x61\x20\x6e\x6f\x2d\x6f\x70\x3a\x20\x69\x6e\x73\x65\x72\x74\x65\x64\x20\x30\x2c\x20\x70\x72\x65\x73\x65\x6e\x74\x20\x6e\x2c\x20\x73\x74\x61\x74\x65\x20\x75\x6e\x63\x68\x61\x6e\x67\x65\x64\x20\x28\xc2\xa7\x38\x20\x69\x6e\x76\x20\x39\x29\x22"). As a quirk to support Unicode, we are encoding values as UTF-8 in the header, but in a browser this would likely result in a TypeError exception. Consider encoding this string in ASCII for compatibility with browser implementations of the Fetch specification.
A header value for "MF-Vitest-Source" contains non-ASCII characters: "test/do/reads.test.ts's suite "frontier (§9.4)"" (raw bytes: "\x74\x65\x73\x74\x2f\x64\x6f\x2f\x72\x65\x61\x64\x73\x2e\x74\x65\x73\x74\x2e\x74\x73\x27\x73\x20\x73\x75\x69\x74\x65\x20\x22\x66\x72\x6f\x6e\x74\x69\x65\x72\x20\x28\xc2\xa7\x39\x2e\x34\x29\x22"). As a quirk to support Unicode, we are encoding values as UTF-8 in the header, but in a browser this would likely result in a TypeError exception. Consider encoding this string in ASCII for compatibility with browser implementations of the Fetch specification.
 ✓ |do| test/realm/read_capability.workers.test.ts > STORE-3b read capability > R5: /frontier + /tail-local are reachable with the read capability alone 305ms
 ✓ |do| test/realm/registry.workers.test.ts > BACKUP-1b-i realm registry > I5 CONTROL, THE RED: a realm created by ANOTHER PATH leaves the registry short 311ms
A header value for "MF-Vitest-Source" contains non-ASCII characters: "test/do/reads.test.ts's suite "readWriter (§9.5)"" (raw bytes: "\x74\x65\x73\x74\x2f\x64\x6f\x2f\x72\x65\x61\x64\x73\x2e\x74\x65\x73\x74\x2e\x74\x73\x27\x73\x20\x73\x75\x69\x74\x65\x20\x22\x72\x65\x61\x64\x57\x72\x69\x74\x65\x72\x20\x28\xc2\xa7\x39\x2e\x35\x29\x22"). As a quirk to support Unicode, we are encoding values as UTF-8 in the header, but in a browser this would likely result in a TypeError exception. Consider encoding this string in ASCII for compatibility with browser implementations of the Fetch specification.
 ✓ |do| test/do/merge.test.ts > mergeEntries (§12.1 / §9.3) > re-sending an identical batch is a no-op: inserted 0, present n, state unchanged (§8 inv 9) 313ms
 ✓ |do| test/realm/ingress.workers.test.ts > realm ingress > requires the deployment token for create 487ms
 ✓ |do| test/realm/store.workers.test.ts > realm store > isolates two logs across metadata, entries, tips, frontier, and reads 301ms
 ✓ |do| test/do/store.test.ts > append (§9.2) > first append allocates writer_seq 1 with null prev_entry_id 292ms
A header value for "MF-Vitest-Source" contains non-ASCII characters: "test/do/merge.test.ts's test "mixed present-prefix + new-suffix: inserted + present = batch size (§11.2 arithmetic)"" (raw bytes: "\x74\x65\x73\x74\x2f\x64\x6f\x2f\x6d\x65\x72\x67\x65\x2e\x74\x65\x73\x74\x2e\x74\x73\x27\x73\x20\x74\x65\x73\x74\x20\x22\x6d\x69\x78\x65\x64\x20\x70\x72\x65\x73\x65\x6e\x74\x2d\x70\x72\x65\x66\x69\x78\x20\x2b\x20\x6e\x65\x77\x2d\x73\x75\x66\x66\x69\x78\x3a\x20\x69\x6e\x73\x65\x72\x74\x65\x64\x20\x2b\x20\x70\x72\x65\x73\x65\x6e\x74\x20\x3d\x20\x62\x61\x74\x63\x68\x20\x73\x69\x7a\x65\x20\x28\xc2\xa7\x31\x31\x2e\x32\x20\x61\x72\x69\x74\x68\x6d\x65\x74\x69\x63\x29\x22"). As a quirk to support Unicode, we are encoding values as UTF-8 in the header, but in a browser this would likely result in a TypeError exception. Consider encoding this string in ASCII for compatibility with browser implementations of the Fetch specification.
 ✓ |do| test/do/http.test.ts > DO name <-> log_id verification (§13.1) > objectName === undefined -> 409 log_mismatch naming the unverifiable object, never a `undefined !== log_id` fall-through 279ms
A header value for "MF-Vitest-Source" contains non-ASCII characters: "test/do/http.test.ts's suite "DO name <-> log_id verification (§13.1)"" (raw bytes: "\x74\x65\x73\x74\x2f\x64\x6f\x2f\x68\x74\x74\x70\x2e\x74\x65\x73\x74\x2e\x74\x73\x27\x73\x20\x73\x75\x69\x74\x65\x20\x22\x44\x4f\x20\x6e\x61\x6d\x65\x20\x3c\x2d\x3e\x20\x6c\x6f\x67\x5f\x69\x64\x20\x76\x65\x72\x69\x66\x69\x63\x61\x74\x69\x6f\x6e\x20\x28\xc2\xa7\x31\x33\x2e\x31\x29\x22"). As a quirk to support Unicode, we are encoding values as UTF-8 in the header, but in a browser this would likely result in a TypeError exception. Consider encoding this string in ASCII for compatibility with browser implementations of the Fetch specification.
workerd/io/io-context.c++:435: info: uncaught exception; exception = workerd/api/global-scope.c++:46: failed: jsg.TypeError: Can't read from request stream after response has been sent.
stack: /home/jes/commonplace-log/worker/node_modules/@cloudflare/workerd-linux-64/bin/workerd@1f2e6b0 /home/jes/commonplace-log/worker/node_modules/@cloudflare/workerd-linux-64/bin/workerd@2d78ab4 /home/jes/commonplace-log/worker/node_modules/@cloudflare/workerd-linux-64/bin/workerd@2d78b58
A header value for "MF-Vitest-Source" contains non-ASCII characters: "test/do/merge.test.ts's test "mixed present-prefix + new-suffix: inserted + present = batch size (§11.2 arithmetic)"" (raw bytes: "\x74\x65\x73\x74\x2f\x64\x6f\x2f\x6d\x65\x72\x67\x65\x2e\x74\x65\x73\x74\x2e\x74\x73\x27\x73\x20\x74\x65\x73\x74\x20\x22\x6d\x69\x78\x65\x64\x20\x70\x72\x65\x73\x65\x6e\x74\x2d\x70\x72\x65\x66\x69\x78\x20\x2b\x20\x6e\x65\x77\x2d\x73\x75\x66\x66\x69\x78\x3a\x20\x69\x6e\x73\x65\x72\x74\x65\x64\x20\x2b\x20\x70\x72\x65\x73\x65\x6e\x74\x20\x3d\x20\x62\x61\x74\x63\x68\x20\x73\x69\x7a\x65\x20\x28\xc2\xa7\x31\x31\x2e\x32\x20\x61\x72\x69\x74\x68\x6d\x65\x74\x69\x63\x29\x22"). As a quirk to support Unicode, we are encoding values as UTF-8 in the header, but in a browser this would likely result in a TypeError exception. Consider encoding this string in ASCII for compatibility with browser implementations of the Fetch specification.
 ✓ |do| test/realm/read_capability.workers.test.ts > STORE-3b read capability > an absent realm is not_found, and a wrong secret is unauthorized 268ms
A header value for "MF-Vitest-Source" contains non-ASCII characters: "test/do/http.test.ts's suite "POST /v1/logs/{log_id}/entries (§11.2)"" (raw bytes: "\x74\x65\x73\x74\x2f\x64\x6f\x2f\x68\x74\x74\x70\x2e\x74\x65\x73\x74\x2e\x74\x73\x27\x73\x20\x73\x75\x69\x74\x65\x20\x22\x50\x4f\x53\x54\x20\x2f\x76\x31\x2f\x6c\x6f\x67\x73\x2f\x7b\x6c\x6f\x67\x5f\x69\x64\x7d\x2f\x65\x6e\x74\x72\x69\x65\x73\x20\x28\xc2\xa7\x31\x31\x2e\x32\x29\x22"). As a quirk to support Unicode, we are encoding values as UTF-8 in the header, but in a browser this would likely result in a TypeError exception. Consider encoding this string in ASCII for compatibility with browser implementations of the Fetch specification.
 ✓ |do| test/do/schema.test.ts > immutability trigger red paths (the recorded artifact) > UPDATE on a committed entry raises: error text contains 'entries are immutable' 273ms
stdout | test/backup/backup.workers.test.ts > BACKUP-1b-ii > A2: a real checkpoint put failure leaves entries but no frontier/manifest; resume completes
A2 FAILED [
  'b9e8ef0b-0feb-4c16-b79f-16f77b38f211/log-a/writer-a/000000000001.json'
] RESUMED [
  'b9e8ef0b-0feb-4c16-b79f-16f77b38f211/log-a/frontier.json',
  'b9e8ef0b-0feb-4c16-b79f-16f77b38f211/log-a/writer-a/000000000001.json',
  'b9e8ef0b-0feb-4c16-b79f-16f77b38f211/manifest.json'
]

workerd/io/io-context.c++:435: info: uncaught exception; exception = workerd/api/global-scope.c++:46: failed: jsg.TypeError: Can't read from request stream after response has been sent.
stack: /home/jes/commonplace-log/worker/node_modules/@cloudflare/workerd-linux-64/bin/workerd@1f2e6b0 /home/jes/commonplace-log/worker/node_modules/@cloudflare/workerd-linux-64/bin/workerd@2d78ab4 /home/jes/commonplace-log/worker/node_modules/@cloudflare/workerd-linux-64/bin/workerd@2d78b58
 ✓ |do| test/do/merge.test.ts > mergeEntries (§12.1 / §9.3) > mixed present-prefix + new-suffix: inserted + present = batch size (§11.2 arithmetic) 319ms
 ✓ |do| test/realm/store.workers.test.ts > realm store > reports SQLite constraint failures as storage facts and rolls back 303ms
 ✓ |do| test/do/store.test.ts > append (§9.2) > stores EXACTLY the canonical bytes of the entry (byte-compare vs SP1's canonicalizer) 299ms
 ✓ |do| test/realm/http.workers.test.ts > RealmContainer HTTP contract > advances leases and fences an earlier lease without writing rows 790ms
 ✓ |do| test/do/reads.test.ts > readWriter (§9.5) > afterSeq=0 with through=null returns the full chain from seq 1, ascending 315ms
workerd/io/io-context.c++:435: info: uncaught exception; exception = workerd/api/global-scope.c++:46: failed: jsg.TypeError: Can't read from request stream after response has been sent.
stack: /home/jes/commonplace-log/worker/node_modules/@cloudflare/workerd-linux-64/bin/workerd@1f2e6b0 /home/jes/commonplace-log/worker/node_modules/@cloudflare/workerd-linux-64/bin/workerd@2d78ab4 /home/jes/commonplace-log/worker/node_modules/@cloudflare/workerd-linux-64/bin/workerd@2d78b58
 ✓ |backup| test/backup/backup.workers.test.ts > BACKUP-1b-ii > A2: a real checkpoint put failure leaves entries but no frontier/manifest; resume completes 977ms
workerd/io/io-context.c++:435: info: uncaught exception; exception = workerd/api/global-scope.c++:46: failed: jsg.TypeError: Can't read from request stream after response has been sent.
stack: /home/jes/commonplace-log/worker/node_modules/@cloudflare/workerd-linux-64/bin/workerd@1f2e6b0 /home/jes/commonplace-log/worker/node_modules/@cloudflare/workerd-linux-64/bin/workerd@2d78ab4 /home/jes/commonplace-log/worker/node_modules/@cloudflare/workerd-linux-64/bin/workerd@2d78b58
stdout | test/realm/realm_remove.workers.test.ts > REALM-REMOVE-1b > R3: repeat and never-created canonical removals are empty 204s
R3 INERT never-created delete: registry count 0 -> 0

 ✓ |do| test/realm/ingress.workers.test.ts > realm ingress > returns not_found for sidecar, engine, and node paths of an uncreated realm 535ms
 ✓ |do| test/do/http.test.ts > POST /v1/logs/{log_id}/entries (§11.2) > before create -> 404 log_not_found 245ms
 ✓ |do| test/do/schema.test.ts > immutability trigger red paths (the recorded artifact) > DELETE on a committed entry raises: error text contains 'entries are immutable' 300ms
stdout | test/realm/realm_remove.workers.test.ts > REALM-REMOVE-1b > R3: repeat and never-created canonical removals are empty 204s
R3 RESULT first=204 repeat=204 never-created=204 non-root=404

 ✓ |do| test/do/store.test.ts > append (§9.2) > chains: three appends get seqs 1,2,3 each naming its predecessor; writer_tips matches 256ms
 ✓ |do| test/realm/store.workers.test.ts > realm store > pins read_writer continuation cursor and throughSeq clamp 289ms
 ✓ |do| test/do/reads.test.ts > readWriter (§9.5) > range is EXCLUSIVE of afterSeq, INCLUSIVE of throughSeq: after=2 through=4 -> exactly [3,4] 273ms
 ✓ |do| test/do/merge.test.ts > mergeEntries (§12.1 / §9.3) > batch beyond tip+1 -> writer_gap with the receiver's tip in details, nothing written 318ms
 ✓ |do| test/realm/read_capability.workers.test.ts > STORE-3b R6: every lane reaches the scope check > each lane has exactly one fetch entry and it delegates to handlePublicRealmRequest 130ms
 ✓ |do| test/realm/read_capability.workers.test.ts > STORE-3b R6: every lane reaches the scope check > CONTROL: the recogniser can fail - a lane whose fetch bypasses the check is rejected 100ms
A header value for "MF-Vitest-Source" contains non-ASCII characters: "test/do/merge.test.ts's test "different entry at an occupied coordinate -> writer_fork; original bytes intact (§8 inv 1)"" (raw bytes: "\x74\x65\x73\x74\x2f\x64\x6f\x2f\x6d\x65\x72\x67\x65\x2e\x74\x65\x73\x74\x2e\x74\x73\x27\x73\x20\x74\x65\x73\x74\x20\x22\x64\x69\x66\x66\x65\x72\x65\x6e\x74\x20\x65\x6e\x74\x72\x79\x20\x61\x74\x20\x61\x6e\x20\x6f\x63\x63\x75\x70\x69\x65\x64\x20\x63\x6f\x6f\x72\x64\x69\x6e\x61\x74\x65\x20\x2d\x3e\x20\x77\x72\x69\x74\x65\x72\x5f\x66\x6f\x72\x6b\x3b\x20\x6f\x72\x69\x67\x69\x6e\x61\x6c\x20\x62\x79\x74\x65\x73\x20\x69\x6e\x74\x61\x63\x74\x20\x28\xc2\xa7\x38\x20\x69\x6e\x76\x20\x31\x29\x22"). As a quirk to support Unicode, we are encoding values as UTF-8 in the header, but in a browser this would likely result in a TypeError exception. Consider encoding this string in ASCII for compatibility with browser implementations of the Fetch specification.
 ✓ |do| test/realm/realm_remove.workers.test.ts > REALM-REMOVE-1b > R3: repeat and never-created canonical removals are empty 204s 907ms
workerd/io/io-context.c++:435: info: uncaught exception; exception = workerd/api/global-scope.c++:46: failed: jsg.TypeError: Can't read from request stream after response has been sent.
stack: /home/jes/commonplace-log/worker/node_modules/@cloudflare/workerd-linux-64/bin/workerd@1f2e6b0 /home/jes/commonplace-log/worker/node_modules/@cloudflare/workerd-linux-64/bin/workerd@2d78ab4 /home/jes/commonplace-log/worker/node_modules/@cloudflare/workerd-linux-64/bin/workerd@2d78b58
A header value for "MF-Vitest-Source" contains non-ASCII characters: "test/do/merge.test.ts's test "different entry at an occupied coordinate -> writer_fork; original bytes intact (§8 inv 1)"" (raw bytes: "\x74\x65\x73\x74\x2f\x64\x6f\x2f\x6d\x65\x72\x67\x65\x2e\x74\x65\x73\x74\x2e\x74\x73\x27\x73\x20\x74\x65\x73\x74\x20\x22\x64\x69\x66\x66\x65\x72\x65\x6e\x74\x20\x65\x6e\x74\x72\x79\x20\x61\x74\x20\x61\x6e\x20\x6f\x63\x63\x75\x70\x69\x65\x64\x20\x63\x6f\x6f\x72\x64\x69\x6e\x61\x74\x65\x20\x2d\x3e\x20\x77\x72\x69\x74\x65\x72\x5f\x66\x6f\x72\x6b\x3b\x20\x6f\x72\x69\x67\x69\x6e\x61\x6c\x20\x62\x79\x74\x65\x73\x20\x69\x6e\x74\x61\x63\x74\x20\x28\xc2\xa7\x38\x20\x69\x6e\x76\x20\x31\x29\x22"). As a quirk to support Unicode, we are encoding values as UTF-8 in the header, but in a browser this would likely result in a TypeError exception. Consider encoding this string in ASCII for compatibility with browser implementations of the Fetch specification.
workerd/io/io-context.c++:435: info: uncaught exception; exception = workerd/api/global-scope.c++:46: failed: jsg.TypeError: Can't read from request stream after response has been sent.
stack: /home/jes/commonplace-log/worker/node_modules/@cloudflare/workerd-linux-64/bin/workerd@1f2e6b0 /home/jes/commonplace-log/worker/node_modules/@cloudflare/workerd-linux-64/bin/workerd@2d78ab4 /home/jes/commonplace-log/worker/node_modules/@cloudflare/workerd-linux-64/bin/workerd@2d78b58
 ✓ |do| test/do/store.test.ts > append (§9.2) > two interleaved writers get independent sequences and independent tips 201ms
 ✓ |do| test/do/http.test.ts > POST /v1/logs/{log_id}/entries (§11.2) > fresh 3-entry batch -> 200 {inserted:3, present:0, frontier.writers} in snake_case 253ms
A header value for "MF-Vitest-Source" contains non-ASCII characters: "test/do/http.test.ts's test "re-POSTing the identical batch -> {inserted:0, present:3} (idempotent, §15.1)"" (raw bytes: "\x74\x65\x73\x74\x2f\x64\x6f\x2f\x68\x74\x74\x70\x2e\x74\x65\x73\x74\x2e\x74\x73\x27\x73\x20\x74\x65\x73\x74\x20\x22\x72\x65\x2d\x50\x4f\x53\x54\x69\x6e\x67\x20\x74\x68\x65\x20\x69\x64\x65\x6e\x74\x69\x63\x61\x6c\x20\x62\x61\x74\x63\x68\x20\x2d\x3e\x20\x7b\x69\x6e\x73\x65\x72\x74\x65\x64\x3a\x30\x2c\x20\x70\x72\x65\x73\x65\x6e\x74\x3a\x33\x7d\x20\x28\x69\x64\x65\x6d\x70\x6f\x74\x65\x6e\x74\x2c\x20\xc2\xa7\x31\x35\x2e\x31\x29\x22"). As a quirk to support Unicode, we are encoding values as UTF-8 in the header, but in a browser this would likely result in a TypeError exception. Consider encoding this string in ASCII for compatibility with browser implementations of the Fetch specification.
 ✓ |do| test/do/schema.test.ts > immutability trigger red paths (the recorded artifact) > INSERT into entries still works after the triggers exist 210ms
 ✓ |do| test/do/merge.test.ts > mergeEntries (§12.1 / §9.3) > different entry at an occupied coordinate -> writer_fork; original bytes intact (§8 inv 1) 226ms
 ✓ |do| test/realm/store.workers.test.ts > realm store > pins tail_local continuation cursor in realm arrival order 194ms
stdout | test/realm/realm_remove.workers.test.ts > REALM-REMOVE-1b > R4: registry failure is named after real wipe; an unauthenticated retry RETAINS the KV row
R4 CONTROL frontier=200 registry row present=true

 ✓ |do| test/realm/http.workers.test.ts > RealmContainer HTTP contract > does not create schema or rows when taking a lease for an unknown log 566ms
 ✓ |do| test/do/reads.test.ts > readWriter (§9.5) > throughSeq beyond the tip clamps to the tip (no phantom continuation) 180ms
stdout | test/realm/realm_remove.workers.test.ts > REALM-REMOVE-1b > R4: registry failure is named after real wipe; an unauthenticated retry RETAINS the KV row
R4 RESULT delete=503 registry_delete_failed frontier=404 order=wipe,registry

stdout | test/realm/realm_remove.workers.test.ts > REALM-REMOVE-1b > R4: registry failure is named after real wipe; an unauthenticated retry RETAINS the KV row
R4 RETRY absent-auth delete=204 registry row RETAINED=true events=wipe,registry

 ✓ |do| test/do/schema.test.ts > immutability trigger red paths (the recorded artifact) > does not overreach: UPDATE and DELETE on writer_tips still work 138ms
A header value for "MF-Vitest-Source" contains non-ASCII characters: "test/do/http.test.ts's test "re-POSTing the identical batch -> {inserted:0, present:3} (idempotent, §15.1)"" (raw bytes: "\x74\x65\x73\x74\x2f\x64\x6f\x2f\x68\x74\x74\x70\x2e\x74\x65\x73\x74\x2e\x74\x73\x27\x73\x20\x74\x65\x73\x74\x20\x22\x72\x65\x2d\x50\x4f\x53\x54\x69\x6e\x67\x20\x74\x68\x65\x20\x69\x64\x65\x6e\x74\x69\x63\x61\x6c\x20\x62\x61\x74\x63\x68\x20\x2d\x3e\x20\x7b\x69\x6e\x73\x65\x72\x74\x65\x64\x3a\x30\x2c\x20\x70\x72\x65\x73\x65\x6e\x74\x3a\x33\x7d\x20\x28\x69\x64\x65\x6d\x70\x6f\x74\x65\x6e\x74\x2c\x20\xc2\xa7\x31\x35\x2e\x31\x29\x22"). As a quirk to support Unicode, we are encoding values as UTF-8 in the header, but in a browser this would likely result in a TypeError exception. Consider encoding this string in ASCII for compatibility with browser implementations of the Fetch specification.
 ✓ |do| test/realm/realm_remove.workers.test.ts > REALM-REMOVE-1b > R4: registry failure is named after real wipe; an unauthenticated retry RETAINS the KV row 338ms
workerd/io/io-context.c++:435: info: uncaught exception; exception = workerd/api/global-scope.c++:46: failed: jsg.TypeError: Can't read from request stream after response has been sent.
stack: /home/jes/commonplace-log/worker/node_modules/@cloudflare/workerd-linux-64/bin/workerd@1f2e6b0 /home/jes/commonplace-log/worker/node_modules/@cloudflare/workerd-linux-64/bin/workerd@2d78ab4 /home/jes/commonplace-log/worker/node_modules/@cloudflare/workerd-linux-64/bin/workerd@2d78b58
 ✓ |do| test/do/store.test.ts > append (§9.2) > assigns strictly increasing arrival_seq across writers (local metadata) 188ms
stdout | test/backup/backup.workers.test.ts > BACKUP-1b-ii > A3: second mint is 409; revoke stops only that realm and names the stop in the persisted run log
A3 BASE [
  {
    realm_id: '04e83b5c-59a8-4327-a637-85b2cb6b66a7',
    outcome: 'complete'
  },
  {
    realm_id: 'ba4611c5-f8ed-4f80-8807-c4b2387a178e',
    outcome: 'complete'
  }
]

 ✓ |do| test/do/http.test.ts > POST /v1/logs/{log_id}/entries (§11.2) > re-POSTing the identical batch -> {inserted:0, present:3} (idempotent, §15.1) 308ms
 ✓ |do| test/do/merge.test.ts > mergeEntries (§12.1 / §9.3) > existing entry_id reused for different bytes -> entry_id_collision, nothing written 249ms
 ✓ |do| test/do/reads.test.ts > readWriter (§9.5) > limit truncates mid-range and nextAfterSeq is the LAST RETURNED seq 202ms
A header value for "MF-Vitest-Source" contains non-ASCII characters: "test/do/merge.test.ts's test "§18 test 10 shape: mixed-writer batch with one poisoned writer rolls back BOTH writers"" (raw bytes: "\x74\x65\x73\x74\x2f\x64\x6f\x2f\x6d\x65\x72\x67\x65\x2e\x74\x65\x73\x74\x2e\x74\x73\x27\x73\x20\x74\x65\x73\x74\x20\x22\xc2\xa7\x31\x38\x20\x74\x65\x73\x74\x20\x31\x30\x20\x73\x68\x61\x70\x65\x3a\x20\x6d\x69\x78\x65\x64\x2d\x77\x72\x69\x74\x65\x72\x20\x62\x61\x74\x63\x68\x20\x77\x69\x74\x68\x20\x6f\x6e\x65\x20\x70\x6f\x69\x73\x6f\x6e\x65\x64\x20\x77\x72\x69\x74\x65\x72\x20\x72\x6f\x6c\x6c\x73\x20\x62\x61\x63\x6b\x20\x42\x4f\x54\x48\x20\x77\x72\x69\x74\x65\x72\x73\x22"). As a quirk to support Unicode, we are encoding values as UTF-8 in the header, but in a browser this would likely result in a TypeError exception. Consider encoding this string in ASCII for compatibility with browser implementations of the Fetch specification.
A header value for "MF-Vitest-Source" contains non-ASCII characters: "test/do/store.test.ts's test "oversized body -> entry_too_large, and NOTHING was written (§8 invariant 10)"" (raw bytes: "\x74\x65\x73\x74\x2f\x64\x6f\x2f\x73\x74\x6f\x72\x65\x2e\x74\x65\x73\x74\x2e\x74\x73\x27\x73\x20\x74\x65\x73\x74\x20\x22\x6f\x76\x65\x72\x73\x69\x7a\x65\x64\x20\x62\x6f\x64\x79\x20\x2d\x3e\x20\x65\x6e\x74\x72\x79\x5f\x74\x6f\x6f\x5f\x6c\x61\x72\x67\x65\x2c\x20\x61\x6e\x64\x20\x4e\x4f\x54\x48\x49\x4e\x47\x20\x77\x61\x73\x20\x77\x72\x69\x74\x74\x65\x6e\x20\x28\xc2\xa7\x38\x20\x69\x6e\x76\x61\x72\x69\x61\x6e\x74\x20\x31\x30\x29\x22"). As a quirk to support Unicode, we are encoding values as UTF-8 in the header, but in a browser this would likely result in a TypeError exception. Consider encoding this string in ASCII for compatibility with browser implementations of the Fetch specification.
 ✓ |do| test/realm/ingress.workers.test.ts > realm ingress > lets only the created realm's secret reach its routes 623ms
stdout | test/realm/realm_remove.workers.test.ts > REALM-REMOVE-1b > R4 storage failure never drops the registry row or live realm
R4 STORAGE FAILURE order=wipe_failed registry row retained=true frontier=200

A header value for "MF-Vitest-Source" contains non-ASCII characters: "test/do/merge.test.ts's test "§18 test 10 shape: mixed-writer batch with one poisoned writer rolls back BOTH writers"" (raw bytes: "\x74\x65\x73\x74\x2f\x64\x6f\x2f\x6d\x65\x72\x67\x65\x2e\x74\x65\x73\x74\x2e\x74\x73\x27\x73\x20\x74\x65\x73\x74\x20\x22\xc2\xa7\x31\x38\x20\x74\x65\x73\x74\x20\x31\x30\x20\x73\x68\x61\x70\x65\x3a\x20\x6d\x69\x78\x65\x64\x2d\x77\x72\x69\x74\x65\x72\x20\x62\x61\x74\x63\x68\x20\x77\x69\x74\x68\x20\x6f\x6e\x65\x20\x70\x6f\x69\x73\x6f\x6e\x65\x64\x20\x77\x72\x69\x74\x65\x72\x20\x72\x6f\x6c\x6c\x73\x20\x62\x61\x63\x6b\x20\x42\x4f\x54\x48\x20\x77\x72\x69\x74\x65\x72\x73\x22"). As a quirk to support Unicode, we are encoding values as UTF-8 in the header, but in a browser this would likely result in a TypeError exception. Consider encoding this string in ASCII for compatibility with browser implementations of the Fetch specification.
 ✓ |do| test/realm/realm_remove.workers.test.ts > REALM-REMOVE-1b > R4 storage failure never drops the registry row or live realm 301ms
A header value for "MF-Vitest-Source" contains non-ASCII characters: "test/do/conformance.test.ts's test "§18.3 two replicas appending under different writer IDs converge in either sync order"" (raw bytes: "\x74\x65\x73\x74\x2f\x64\x6f\x2f\x63\x6f\x6e\x66\x6f\x72\x6d\x61\x6e\x63\x65\x2e\x74\x65\x73\x74\x2e\x74\x73\x27\x73\x20\x74\x65\x73\x74\x20\x22\xc2\xa7\x31\x38\x2e\x33\x20\x74\x77\x6f\x20\x72\x65\x70\x6c\x69\x63\x61\x73\x20\x61\x70\x70\x65\x6e\x64\x69\x6e\x67\x20\x75\x6e\x64\x65\x72\x20\x64\x69\x66\x66\x65\x72\x65\x6e\x74\x20\x77\x72\x69\x74\x65\x72\x20\x49\x44\x73\x20\x63\x6f\x6e\x76\x65\x72\x67\x65\x20\x69\x6e\x20\x65\x69\x74\x68\x65\x72\x20\x73\x79\x6e\x63\x20\x6f\x72\x64\x65\x72\x22"). As a quirk to support Unicode, we are encoding values as UTF-8 in the header, but in a browser this would likely result in a TypeError exception. Consider encoding this string in ASCII for compatibility with browser implementations of the Fetch specification.
A header value for "MF-Vitest-Source" contains non-ASCII characters: "test/do/store.test.ts's test "oversized body -> entry_too_large, and NOTHING was written (§8 invariant 10)"" (raw bytes: "\x74\x65\x73\x74\x2f\x64\x6f\x2f\x73\x74\x6f\x72\x65\x2e\x74\x65\x73\x74\x2e\x74\x73\x27\x73\x20\x74\x65\x73\x74\x20\x22\x6f\x76\x65\x72\x73\x69\x7a\x65\x64\x20\x62\x6f\x64\x79\x20\x2d\x3e\x20\x65\x6e\x74\x72\x79\x5f\x74\x6f\x6f\x5f\x6c\x61\x72\x67\x65\x2c\x20\x61\x6e\x64\x20\x4e\x4f\x54\x48\x49\x4e\x47\x20\x77\x61\x73\x20\x77\x72\x69\x74\x74\x65\x6e\x20\x28\xc2\xa7\x38\x20\x69\x6e\x76\x61\x72\x69\x61\x6e\x74\x20\x31\x30\x29\x22"). As a quirk to support Unicode, we are encoding values as UTF-8 in the header, but in a browser this would likely result in a TypeError exception. Consider encoding this string in ASCII for compatibility with browser implementations of the Fetch specification.
 ✓ |do| test/do/reads.test.ts > readWriter (§9.5) > limit reaching exactly the end of the range yields NO cursor 176ms
stdout | test/backup/backup.workers.test.ts > BACKUP-1b-ii > A3: second mint is 409; revoke stops only that realm and names the stop in the persisted run log
A3 REVOKED {
  version: 1,
  run_id: 'ce4b53e6-c810-4cf0-bd5d-096c947e5095',
  started_at: '2026-09-05T15:48:29.457Z',
  completed_at: '2026-09-05T15:48:29.551Z',
  enumeration: 'registry_only',
  coverage: 'registered_realms_only',
  registry_count: 2,
  realms: [
    {
      realm_id: '04e83b5c-59a8-4327-a637-85b2cb6b66a7',
      entries_appended: 0,
      frontiers_written: [],
      manifest_written: false,
      outcome: 'stopped',
      stop: 'capability_rejected'
    },
    {
      realm_id: 'ba4611c5-f8ed-4f80-8807-c4b2387a178e',
      entries_appended: 0,
      frontiers_written: [],
      manifest_written: false,
      outcome: 'complete'
    }
  ],
  outcome: 'stopped'
}

 ✓ |do| test/do/store.test.ts > append (§9.2) > generates canonical-form UUIDv7 entry_ids, unique across appends 189ms
 ✓ |do| test/do/merge.test.ts > mergeEntries (§12.1 / §9.3) > §18 test 10 shape: mixed-writer batch with one poisoned writer rolls back BOTH writers 187ms
 ✓ |do| test/do/http.test.ts > POST /v1/logs/{log_id}/entries (§11.2) > response frontier lists ALL writers sorted by writer_id, not just the batch's 336ms
 ✓ |do| test/do/reads.test.ts > readWriter (§9.5) > paging a 10-entry chain in pages of 3 reassembles the full read byte-for-byte, no gap/overlap 255ms
 ✓ |backup| test/backup/backup.workers.test.ts > BACKUP-1b-ii > A3: second mint is 409; revoke stops only that realm and names the stop in the persisted run log 1008ms
 ✓ |do| test/do/store.test.ts > append (§9.2) > oversized body -> entry_too_large, and NOTHING was written (§8 invariant 10) 277ms
 ✓ |do| test/realm/http.workers.test.ts > RealmContainer HTTP contract > assigns local receipt times and rejects caller-supplied receipt metadata 543ms
 ✓ |do| test/do/conformance.test.ts > §18 conformance (items 1–12) > §18.3 two replicas appending under different writer IDs converge in either sync order 1861ms
A header value for "MF-Vitest-Source" contains non-ASCII characters: "test/do/conformance.test.ts's test "§18.4 three-way merge is associative for compatible replicas"" (raw bytes: "\x74\x65\x73\x74\x2f\x64\x6f\x2f\x63\x6f\x6e\x66\x6f\x72\x6d\x61\x6e\x63\x65\x2e\x74\x65\x73\x74\x2e\x74\x73\x27\x73\x20\x74\x65\x73\x74\x20\x22\xc2\xa7\x31\x38\x2e\x34\x20\x74\x68\x72\x65\x65\x2d\x77\x61\x79\x20\x6d\x65\x72\x67\x65\x20\x69\x73\x20\x61\x73\x73\x6f\x63\x69\x61\x74\x69\x76\x65\x20\x66\x6f\x72\x20\x63\x6f\x6d\x70\x61\x74\x69\x62\x6c\x65\x20\x72\x65\x70\x6c\x69\x63\x61\x73\x22"). As a quirk to support Unicode, we are encoding values as UTF-8 in the header, but in a browser this would likely result in a TypeError exception. Consider encoding this string in ASCII for compatibility with browser implementations of the Fetch specification.
A header value for "MF-Vitest-Source" contains non-ASCII characters: "test/do/merge.test.ts's test "valid-UUID but WRONG log_id -> log_mismatch (§8 inv 8), nothing written"" (raw bytes: "\x74\x65\x73\x74\x2f\x64\x6f\x2f\x6d\x65\x72\x67\x65\x2e\x74\x65\x73\x74\x2e\x74\x73\x27\x73\x20\x74\x65\x73\x74\x20\x22\x76\x61\x6c\x69\x64\x2d\x55\x55\x49\x44\x20\x62\x75\x74\x20\x57\x52\x4f\x4e\x47\x20\x6c\x6f\x67\x5f\x69\x64\x20\x2d\x3e\x20\x6c\x6f\x67\x5f\x6d\x69\x73\x6d\x61\x74\x63\x68\x20\x28\xc2\xa7\x38\x20\x69\x6e\x76\x20\x38\x29\x2c\x20\x6e\x6f\x74\x68\x69\x6e\x67\x20\x77\x72\x69\x74\x74\x65\x6e\x22"). As a quirk to support Unicode, we are encoding values as UTF-8 in the header, but in a browser this would likely result in a TypeError exception. Consider encoding this string in ASCII for compatibility with browser implementations of the Fetch specification.
workerd/io/io-context.c++:435: info: uncaught exception; exception = workerd/api/global-scope.c++:46: failed: jsg.TypeError: Can't read from request stream after response has been sent.
stack: /home/jes/commonplace-log/worker/node_modules/@cloudflare/workerd-linux-64/bin/workerd@1f2e6b0 /home/jes/commonplace-log/worker/node_modules/@cloudflare/workerd-linux-64/bin/workerd@2d78ab4 /home/jes/commonplace-log/worker/node_modules/@cloudflare/workerd-linux-64/bin/workerd@2d78b58
workerd/io/io-context.c++:435: info: uncaught exception; exception = workerd/api/global-scope.c++:46: failed: jsg.TypeError: Can't read from request stream after response has been sent.
stack: /home/jes/commonplace-log/worker/node_modules/@cloudflare/workerd-linux-64/bin/workerd@1f2e6b0 /home/jes/commonplace-log/worker/node_modules/@cloudflare/workerd-linux-64/bin/workerd@2d78ab4 /home/jes/commonplace-log/worker/node_modules/@cloudflare/workerd-linux-64/bin/workerd@2d78b58
A header value for "MF-Vitest-Source" contains non-ASCII characters: "test/do/merge.test.ts's test "valid-UUID but WRONG log_id -> log_mismatch (§8 inv 8), nothing written"" (raw bytes: "\x74\x65\x73\x74\x2f\x64\x6f\x2f\x6d\x65\x72\x67\x65\x2e\x74\x65\x73\x74\x2e\x74\x73\x27\x73\x20\x74\x65\x73\x74\x20\x22\x76\x61\x6c\x69\x64\x2d\x55\x55\x49\x44\x20\x62\x75\x74\x20\x57\x52\x4f\x4e\x47\x20\x6c\x6f\x67\x5f\x69\x64\x20\x2d\x3e\x20\x6c\x6f\x67\x5f\x6d\x69\x73\x6d\x61\x74\x63\x68\x20\x28\xc2\xa7\x38\x20\x69\x6e\x76\x20\x38\x29\x2c\x20\x6e\x6f\x74\x68\x69\x6e\x67\x20\x77\x72\x69\x74\x74\x65\x6e\x22"). As a quirk to support Unicode, we are encoding values as UTF-8 in the header, but in a browser this would likely result in a TypeError exception. Consider encoding this string in ASCII for compatibility with browser implementations of the Fetch specification.
stdout | test/realm/realm_remove.workers.test.ts > REALM-REMOVE-1b > R5: real KV inventory loses exactly the removed realm and ignores spoofed identity
R5 CONTROL initial=0 before=2 both created rows present=true

 ✓ |do| test/do/merge.test.ts > mergeEntries (§12.1 / §9.3) > fault on the LAST tip upsert of a multi-writer merge rolls back ALL inserts 175ms
A header value for "MF-Vitest-Source" contains non-ASCII characters: "test/do/reads.test.ts's test "unknown writerId -> empty entries and null cursor (NOT an error; §10 sync may probe)"" (raw bytes: "\x74\x65\x73\x74\x2f\x64\x6f\x2f\x72\x65\x61\x64\x73\x2e\x74\x65\x73\x74\x2e\x74\x73\x27\x73\x20\x74\x65\x73\x74\x20\x22\x75\x6e\x6b\x6e\x6f\x77\x6e\x20\x77\x72\x69\x74\x65\x72\x49\x64\x20\x2d\x3e\x20\x65\x6d\x70\x74\x79\x20\x65\x6e\x74\x72\x69\x65\x73\x20\x61\x6e\x64\x20\x6e\x75\x6c\x6c\x20\x63\x75\x72\x73\x6f\x72\x20\x28\x4e\x4f\x54\x20\x61\x6e\x20\x65\x72\x72\x6f\x72\x3b\x20\xc2\xa7\x31\x30\x20\x73\x79\x6e\x63\x20\x6d\x61\x79\x20\x70\x72\x6f\x62\x65\x29\x22"). As a quirk to support Unicode, we are encoding values as UTF-8 in the header, but in a browser this would likely result in a TypeError exception. Consider encoding this string in ASCII for compatibility with browser implementations of the Fetch specification.
A header value for "MF-Vitest-Source" contains non-ASCII characters: "test/do/reads.test.ts's test "unknown writerId -> empty entries and null cursor (NOT an error; §10 sync may probe)"" (raw bytes: "\x74\x65\x73\x74\x2f\x64\x6f\x2f\x72\x65\x61\x64\x73\x2e\x74\x65\x73\x74\x2e\x74\x73\x27\x73\x20\x74\x65\x73\x74\x20\x22\x75\x6e\x6b\x6e\x6f\x77\x6e\x20\x77\x72\x69\x74\x65\x72\x49\x64\x20\x2d\x3e\x20\x65\x6d\x70\x74\x79\x20\x65\x6e\x74\x72\x69\x65\x73\x20\x61\x6e\x64\x20\x6e\x75\x6c\x6c\x20\x63\x75\x72\x73\x6f\x72\x20\x28\x4e\x4f\x54\x20\x61\x6e\x20\x65\x72\x72\x6f\x72\x3b\x20\xc2\xa7\x31\x30\x20\x73\x79\x6e\x63\x20\x6d\x61\x79\x20\x70\x72\x6f\x62\x65\x29\x22"). As a quirk to support Unicode, we are encoding values as UTF-8 in the header, but in a browser this would likely result in a TypeError exception. Consider encoding this string in ASCII for compatibility with browser implementations of the Fetch specification.
 ✓ |do| test/do/store.test.ts > append (§9.2) > non-object body -> invalid_entry with SP1's slug in details, nothing written 141ms
 ✓ |do| test/do/store.test.ts > append (§9.2) > unsafe integer in body -> invalid_entry (unsafe-integer), nothing written 96ms
 ✓ |do| test/do/reads.test.ts > readWriter (§9.5) > returned seqs are consecutive integers (complete contiguous range, anti-gap) 154ms
 ✓ |do| test/do/reads.test.ts > readWriter (§9.5) > unknown writerId -> empty entries and null cursor (NOT an error; §10 sync may probe) 97ms
stdout | test/realm/realm_remove.workers.test.ts > REALM-REMOVE-1b > R5: real KV inventory loses exactly the removed realm and ignores spoofed identity
R5 RESULT before=2 after=1 delta=1 target absent=true other retained=true

 ✓ |do| test/do/http.test.ts > POST /v1/logs/{log_id}/entries (§11.2) > malformed JSON body -> 400 invalid_json 179ms
 ✓ |do| test/do/merge.test.ts > mergeEntries (§12.1 / §9.3) > valid-UUID but WRONG log_id -> log_mismatch (§8 inv 8), nothing written 138ms
stdout | test/backup/backup.workers.test.ts > BACKUP-1b-ii > A4: read capability cannot commit even though the write control can
A4 CONTROL write commit=200; READ commit=403 forbidden_scope; frontier unchanged

 ✓ |do| test/realm/http.workers.test.ts > RealmContainer HTTP contract > accepts only a matching nested log_id and rejects mismatches without writing 312ms
 ✓ |do| test/realm/realm_remove.workers.test.ts > REALM-REMOVE-1b > R5: real KV inventory loses exactly the removed realm and ignores spoofed identity 471ms
 ✓ |backup| test/backup/backup.workers.test.ts > BACKUP-1b-ii > A4: read capability cannot commit even though the write control can 345ms
 ✓ |do| test/realm/ingress.workers.test.ts > realm ingress > keeps two realm secrets scoped, with positive controls both ways 673ms
 ✓ |do| test/do/merge.test.ts > mergeEntries (§12.1 / §9.3) > malformed (non-UUID) log_id fails validation as invalid_entry, nothing written 122ms
 ✓ |do| test/do/http.test.ts > POST /v1/logs/{log_id}/entries (§11.2) > valid JSON but not an {entries:[...]} batch -> 422 invalid_entry 149ms
A header value for "MF-Vitest-Source" contains non-ASCII characters: "test/do/http.test.ts's test "oversized raw body is rejected 413 batch_too_large BEFORE parsing (§16: garbage body never reaches invalid_json)"" (raw bytes: "\x74\x65\x73\x74\x2f\x64\x6f\x2f\x68\x74\x74\x70\x2e\x74\x65\x73\x74\x2e\x74\x73\x27\x73\x20\x74\x65\x73\x74\x20\x22\x6f\x76\x65\x72\x73\x69\x7a\x65\x64\x20\x72\x61\x77\x20\x62\x6f\x64\x79\x20\x69\x73\x20\x72\x65\x6a\x65\x63\x74\x65\x64\x20\x34\x31\x33\x20\x62\x61\x74\x63\x68\x5f\x74\x6f\x6f\x5f\x6c\x61\x72\x67\x65\x20\x42\x45\x46\x4f\x52\x45\x20\x70\x61\x72\x73\x69\x6e\x67\x20\x28\xc2\xa7\x31\x36\x3a\x20\x67\x61\x72\x62\x61\x67\x65\x20\x62\x6f\x64\x79\x20\x6e\x65\x76\x65\x72\x20\x72\x65\x61\x63\x68\x65\x73\x20\x69\x6e\x76\x61\x6c\x69\x64\x5f\x6a\x73\x6f\x6e\x29\x22"). As a quirk to support Unicode, we are encoding values as UTF-8 in the header, but in a browser this would likely result in a TypeError exception. Consider encoding this string in ASCII for compatibility with browser implementations of the Fetch specification.
 ✓ |do| test/do/store.test.ts > append (§9.2) > fault between the entries INSERT and the tip upsert rolls back the completed INSERT 148ms
 ✓ |do| test/do/reads.test.ts > readWriter (§9.5) > before createLog fails with log_not_found 143ms
A header value for "MF-Vitest-Source" contains non-ASCII characters: "test/do/store.test.ts's suite "append (§9.2)"" (raw bytes: "\x74\x65\x73\x74\x2f\x64\x6f\x2f\x73\x74\x6f\x72\x65\x2e\x74\x65\x73\x74\x2e\x74\x73\x27\x73\x20\x73\x75\x69\x74\x65\x20\x22\x61\x70\x70\x65\x6e\x64\x20\x28\xc2\xa7\x39\x2e\x32\x29\x22"). As a quirk to support Unicode, we are encoding values as UTF-8 in the header, but in a browser this would likely result in a TypeError exception. Consider encoding this string in ASCII for compatibility with browser implementations of the Fetch specification.
A header value for "MF-Vitest-Source" contains non-ASCII characters: "test/do/reads.test.ts's suite "readWriter (§9.5)"" (raw bytes: "\x74\x65\x73\x74\x2f\x64\x6f\x2f\x72\x65\x61\x64\x73\x2e\x74\x65\x73\x74\x2e\x74\x73\x27\x73\x20\x73\x75\x69\x74\x65\x20\x22\x72\x65\x61\x64\x57\x72\x69\x74\x65\x72\x20\x28\xc2\xa7\x39\x2e\x35\x29\x22"). As a quirk to support Unicode, we are encoding values as UTF-8 in the header, but in a browser this would likely result in a TypeError exception. Consider encoding this string in ASCII for compatibility with browser implementations of the Fetch specification.
A header value for "MF-Vitest-Source" contains non-ASCII characters: "test/do/reads.test.ts's suite "tailLocal (§9.6)"" (raw bytes: "\x74\x65\x73\x74\x2f\x64\x6f\x2f\x72\x65\x61\x64\x73\x2e\x74\x65\x73\x74\x2e\x74\x73\x27\x73\x20\x73\x75\x69\x74\x65\x20\x22\x74\x61\x69\x6c\x4c\x6f\x63\x61\x6c\x20\x28\xc2\xa7\x39\x2e\x36\x29\x22"). As a quirk to support Unicode, we are encoding values as UTF-8 in the header, but in a browser this would likely result in a TypeError exception. Consider encoding this string in ASCII for compatibility with browser implementations of the Fetch specification.
 ✓ |do| test/do/store.test.ts > append (§9.2) > a SECOND LogStore instance over the same sql continues the sequence from SQLite truth 104ms
A header value for "MF-Vitest-Source" contains non-ASCII characters: "test/do/http.test.ts's test "oversized raw body is rejected 413 batch_too_large BEFORE parsing (§16: garbage body never reaches invalid_json)"" (raw bytes: "\x74\x65\x73\x74\x2f\x64\x6f\x2f\x68\x74\x74\x70\x2e\x74\x65\x73\x74\x2e\x74\x73\x27\x73\x20\x74\x65\x73\x74\x20\x22\x6f\x76\x65\x72\x73\x69\x7a\x65\x64\x20\x72\x61\x77\x20\x62\x6f\x64\x79\x20\x69\x73\x20\x72\x65\x6a\x65\x63\x74\x65\x64\x20\x34\x31\x33\x20\x62\x61\x74\x63\x68\x5f\x74\x6f\x6f\x5f\x6c\x61\x72\x67\x65\x20\x42\x45\x46\x4f\x52\x45\x20\x70\x61\x72\x73\x69\x6e\x67\x20\x28\xc2\xa7\x31\x36\x3a\x20\x67\x61\x72\x62\x61\x67\x65\x20\x62\x6f\x64\x79\x20\x6e\x65\x76\x65\x72\x20\x72\x65\x61\x63\x68\x65\x73\x20\x69\x6e\x76\x61\x6c\x69\x64\x5f\x6a\x73\x6f\x6e\x29\x22"). As a quirk to support Unicode, we are encoding values as UTF-8 in the header, but in a browser this would likely result in a TypeError exception. Consider encoding this string in ASCII for compatibility with browser implementations of the Fetch specification.
 ✓ |do| test/do/merge.test.ts > mergeEntries (§12.1 / §9.3) > one invalid entry (bad entry_id UUID) poisons the whole batch: slugged error, nothing written 107ms
 ✓ |do| test/do/reads.test.ts > readWriter (§9.5) > caller-contract violations throw RangeError: negative afterSeq, zero/negative limit, bad throughSeq 113ms
 ✓ |do| test/do/http.test.ts > POST /v1/logs/{log_id}/entries (§11.2) > 101 entries -> 413 batch_too_large (default limit 100) 147ms
 ✓ |do| test/realm/ingress.workers.test.ts > realm ingress > requires a syntactically valid bearer on realm routes 113ms
stdout | test/backup/backup.workers.test.ts > BACKUP-1b-ii > A5: existing but unregistered realm is not discovered; run names exact registry coverage
A5 BASE registry=2 independently read DO realm rows=2

 ✓ |do| test/realm/http.workers.test.ts > RealmContainer HTTP contract > rejects unknown insert and put-tip keys without writing 321ms
 ✓ |do| test/do/store.test.ts > uuidv7 helper (RFC 9562 layout) > produces canonical lowercase UUIDv7 strings (version nibble 7, variant 10xx) 62ms
 ✓ |do| test/do/store.test.ts > uuidv7 helper (RFC 9562 layout) > two calls differ (random bits are live) 83ms
 ✓ |do| test/do/reads.test.ts > tailLocal (§9.6) > returns entries in ARRIVAL order even when it diverges from writer order 147ms
A header value for "MF-Vitest-Source" contains non-ASCII characters: "test/do/conformance.test.ts's test "§18.4 three-way merge is associative for compatible replicas"" (raw bytes: "\x74\x65\x73\x74\x2f\x64\x6f\x2f\x63\x6f\x6e\x66\x6f\x72\x6d\x61\x6e\x63\x65\x2e\x74\x65\x73\x74\x2e\x74\x73\x27\x73\x20\x74\x65\x73\x74\x20\x22\xc2\xa7\x31\x38\x2e\x34\x20\x74\x68\x72\x65\x65\x2d\x77\x61\x79\x20\x6d\x65\x72\x67\x65\x20\x69\x73\x20\x61\x73\x73\x6f\x63\x69\x61\x74\x69\x76\x65\x20\x66\x6f\x72\x20\x63\x6f\x6d\x70\x61\x74\x69\x62\x6c\x65\x20\x72\x65\x70\x6c\x69\x63\x61\x73\x22"). As a quirk to support Unicode, we are encoding values as UTF-8 in the header, but in a browser this would likely result in a TypeError exception. Consider encoding this string in ASCII for compatibility with browser implementations of the Fetch specification.
stdout | test/backup/backup.workers.test.ts > BACKUP-1b-ii > A5: existing but unregistered realm is not discovered; run names exact registry coverage
A5 RESULT registry=1 existing DO realms=2 omitted realm still readable=200 {
  version: 1,
  run_id: '04254aef-214d-47b6-89e3-2def0a74fdaa',
  started_at: '2026-09-05T15:48:30.353Z',
  completed_at: '2026-09-05T15:48:30.436Z',
  enumeration: 'registry_only',
  coverage: 'registered_realms_only',
  registry_count: 1,
  realms: [
    {
      realm_id: '0a5e578b-8d30-46fe-8ac9-3bdef53cc7eb',
      entries_appended: 0,
      frontiers_written: [Array],
      manifest_written: true,
      outcome: 'complete'
    }
  ],
  outcome: 'complete'
}

 ✓ |do| test/do/merge.test.ts > mergeEntries (§12.1 / §9.3) > oversized entry -> entry_too_large with SP1's slug, nothing written 264ms
 ✓ |do| test/do/http.test.ts > POST /v1/logs/{log_id}/entries (§11.2) > oversized raw body is rejected 413 batch_too_large BEFORE parsing (§16: garbage body never reaches invalid_json) 199ms
 ✓ |do| test/do/conformance.test.ts > §18 conformance (items 1–12) > §18.4 three-way merge is associative for compatible replicas 844ms
workerd/io/io-context.c++:435: info: uncaught exception; exception = workerd/api/global-scope.c++:46: failed: jsg.TypeError: Can't read from request stream after response has been sent.
stack: /home/jes/commonplace-log/worker/node_modules/@cloudflare/workerd-linux-64/bin/workerd@1f2e6b0 /home/jes/commonplace-log/worker/node_modules/@cloudflare/workerd-linux-64/bin/workerd@2d78ab4 /home/jes/commonplace-log/worker/node_modules/@cloudflare/workerd-linux-64/bin/workerd@2d78b58
A header value for "MF-Vitest-Source" contains non-ASCII characters: "test/do/conformance.test.ts's test "§18.5 a shorter writer prefix extends to the longer prefix page by page"" (raw bytes: "\x74\x65\x73\x74\x2f\x64\x6f\x2f\x63\x6f\x6e\x66\x6f\x72\x6d\x61\x6e\x63\x65\x2e\x74\x65\x73\x74\x2e\x74\x73\x27\x73\x20\x74\x65\x73\x74\x20\x22\xc2\xa7\x31\x38\x2e\x35\x20\x61\x20\x73\x68\x6f\x72\x74\x65\x72\x20\x77\x72\x69\x74\x65\x72\x20\x70\x72\x65\x66\x69\x78\x20\x65\x78\x74\x65\x6e\x64\x73\x20\x74\x6f\x20\x74\x68\x65\x20\x6c\x6f\x6e\x67\x65\x72\x20\x70\x72\x65\x66\x69\x78\x20\x70\x61\x67\x65\x20\x62\x79\x20\x70\x61\x67\x65\x22"). As a quirk to support Unicode, we are encoding values as UTF-8 in the header, but in a browser this would likely result in a TypeError exception. Consider encoding this string in ASCII for compatibility with browser implementations of the Fetch specification.
 ✓ |backup| test/backup/backup.workers.test.ts > BACKUP-1b-ii > A5: existing but unregistered realm is not discovered; run names exact registry coverage 530ms
stdout | test/realm/realm_remove.workers.test.ts > REALM-REMOVE-1b > removal keeps wrong/missing bearer, READ scope, root-only and revocation boundaries
SECURITY wrong/missing=401 read delete=403 noncanonical=400 revocation=204 write frontier=200 revoked read=401

 ✓ |do| test/realm/ingress.workers.test.ts > realm ingress > returns 404 for malformed realm ids and unknown top-level paths 379ms
 ✓ |do| test/do/store.test.ts > uuidv7 helper (RFC 9562 layout) > the 48-bit timestamp field is Date.now-based and monotone-or-equal across quick calls 119ms
 ✓ |do| test/realm/realm_remove.workers.test.ts > REALM-REMOVE-1b > removal keeps wrong/missing bearer, READ scope, root-only and revocation boundaries 606ms
 ✓ |do| test/do/reads.test.ts > tailLocal (§9.6) > pages via nextAfterArrival with no gap/overlap and terminates with null 222ms
 ✓ |do| test/do/merge.test.ts > mergeEntries (§12.1 / §9.3) > a raw batch element that is not an object -> invalid_entry (entry-not-object) 164ms
 ✓ |do| test/do/store.test.ts > uuidv7 helper (RFC 9562 layout) > embeds an explicitly provided millisecond timestamp exactly 112ms
 ✓ |do| test/do/merge.test.ts > mergeEntries (§12.1 / §9.3) > intra-batch prev-link violation maps to invalid_entry (recorded invalid_batch decision) 224ms
stdout | test/realm/realm_remove.workers.test.ts > REALM-REMOVE-1b > both lane dispatchers gate creation and removal through native blockConcurrencyWhile only
LIFECYCLE WIRING lane=container gate=POST /realm/create,DELETE / ordinary frontier=200 removal=204

 ✓ |do| test/do/http.test.ts > POST /v1/logs/{log_id}/entries (§11.2) > canonical entry bytes totalling over 4 MiB -> 413 batch_too_large (exact post-validation measure) 404ms
A header value for "MF-Vitest-Source" contains non-ASCII characters: "test/do/http.test.ts's test "a single entry of exactly 1 MiB canonical bytes MUST work (§11.2)"" (raw bytes: "\x74\x65\x73\x74\x2f\x64\x6f\x2f\x68\x74\x74\x70\x2e\x74\x65\x73\x74\x2e\x74\x73\x27\x73\x20\x74\x65\x73\x74\x20\x22\x61\x20\x73\x69\x6e\x67\x6c\x65\x20\x65\x6e\x74\x72\x79\x20\x6f\x66\x20\x65\x78\x61\x63\x74\x6c\x79\x20\x31\x20\x4d\x69\x42\x20\x63\x61\x6e\x6f\x6e\x69\x63\x61\x6c\x20\x62\x79\x74\x65\x73\x20\x4d\x55\x53\x54\x20\x77\x6f\x72\x6b\x20\x28\xc2\xa7\x31\x31\x2e\x32\x29\x22"). As a quirk to support Unicode, we are encoding values as UTF-8 in the header, but in a browser this would likely result in a TypeError exception. Consider encoding this string in ASCII for compatibility with browser implementations of the Fetch specification.
 ✓ |do| test/realm/http.workers.test.ts > RealmContainer HTTP contract > serves a realistic append and merge in exactly one read-set plus one commit each 511ms
 ✓ |do| test/do/reads.test.ts > tailLocal (§9.6) > afterArrival at or beyond the max arrival -> empty entries and null cursor 220ms
stdout | test/realm/realm_remove.workers.test.ts > REALM-REMOVE-1b > both lane dispatchers gate creation and removal through native blockConcurrencyWhile only
LIFECYCLE WIRING lane=node gate=POST /realm/create,DELETE / ordinary frontier=200 removal=204

 ✓ |do| test/realm/ingress.workers.test.ts > realm ingress > needs GATEWAY_TOKEN only for create, not for an authorized realm route 287ms
 ✓ |backup| test/backup/backup.workers.test.ts > BACKUP-1b-ii > test-only HTTP trigger runs; production exports no HTTP trigger and scheduled handler runs 301ms
 ✓ |do| test/realm/realm_remove.workers.test.ts > REALM-REMOVE-1b > both lane dispatchers gate creation and removal through native blockConcurrencyWhile only 327ms
 ✓ |do| test/do/merge.test.ts > mergeEntries (§12.1 / §9.3) > merge extends a chain built by append (append -> merge interop) 220ms
stdout | test/realm/realm_remove.workers.test.ts > REALM-REMOVE-1b > unbound registry defaults to refusal before wiping a live realm
UNBOUND CONTROL delete=503 registry_not_bound wipe calls=0 frontier=200

A header value for "MF-Vitest-Source" contains non-ASCII characters: "test/do/http.test.ts's test "a single entry of exactly 1 MiB canonical bytes MUST work (§11.2)"" (raw bytes: "\x74\x65\x73\x74\x2f\x64\x6f\x2f\x68\x74\x74\x70\x2e\x74\x65\x73\x74\x2e\x74\x73\x27\x73\x20\x74\x65\x73\x74\x20\x22\x61\x20\x73\x69\x6e\x67\x6c\x65\x20\x65\x6e\x74\x72\x79\x20\x6f\x66\x20\x65\x78\x61\x63\x74\x6c\x79\x20\x31\x20\x4d\x69\x42\x20\x63\x61\x6e\x6f\x6e\x69\x63\x61\x6c\x20\x62\x79\x74\x65\x73\x20\x4d\x55\x53\x54\x20\x77\x6f\x72\x6b\x20\x28\xc2\xa7\x31\x31\x2e\x32\x29\x22"). As a quirk to support Unicode, we are encoding values as UTF-8 in the header, but in a browser this would likely result in a TypeError exception. Consider encoding this string in ASCII for compatibility with browser implementations of the Fetch specification.
A header value for "MF-Vitest-Source" contains non-ASCII characters: "test/do/merge.test.ts's test "a permuted (unsorted writer_seq) batch inserts identically to sorted (§9.3 rule 1)"" (raw bytes: "\x74\x65\x73\x74\x2f\x64\x6f\x2f\x6d\x65\x72\x67\x65\x2e\x74\x65\x73\x74\x2e\x74\x73\x27\x73\x20\x74\x65\x73\x74\x20\x22\x61\x20\x70\x65\x72\x6d\x75\x74\x65\x64\x20\x28\x75\x6e\x73\x6f\x72\x74\x65\x64\x20\x77\x72\x69\x74\x65\x72\x5f\x73\x65\x71\x29\x20\x62\x61\x74\x63\x68\x20\x69\x6e\x73\x65\x72\x74\x73\x20\x69\x64\x65\x6e\x74\x69\x63\x61\x6c\x6c\x79\x20\x74\x6f\x20\x73\x6f\x72\x74\x65\x64\x20\x28\xc2\xa7\x39\x2e\x33\x20\x72\x75\x6c\x65\x20\x31\x29\x22"). As a quirk to support Unicode, we are encoding values as UTF-8 in the header, but in a browser this would likely result in a TypeError exception. Consider encoding this string in ASCII for compatibility with browser implementations of the Fetch specification.
 ✓ |do| test/realm/http.workers.test.ts > RealmContainer HTTP contract > stores every indexed entry column in agreement with its own canonical bytes 255ms
 ✓ |do| test/realm/ingress.workers.test.ts > realm ingress > passes a validated location hint to idFromName plus get for create 149ms
 ✓ |do| test/do/http.test.ts > POST /v1/logs/{log_id}/entries (§11.2) > a single entry of exactly 1 MiB canonical bytes MUST work (§11.2) 361ms
 ✓ |do| test/do/reads.test.ts > tailLocal (§9.6) > empty log -> empty entries and null cursor 179ms
 ✓ |do| test/do/reads.test.ts > tailLocal (§9.6) > before createLog fails with log_not_found 100ms
A header value for "MF-Vitest-Source" contains non-ASCII characters: "test/do/conformance.test.ts's test "§18.5 a shorter writer prefix extends to the longer prefix page by page"" (raw bytes: "\x74\x65\x73\x74\x2f\x64\x6f\x2f\x63\x6f\x6e\x66\x6f\x72\x6d\x61\x6e\x63\x65\x2e\x74\x65\x73\x74\x2e\x74\x73\x27\x73\x20\x74\x65\x73\x74\x20\x22\xc2\xa7\x31\x38\x2e\x35\x20\x61\x20\x73\x68\x6f\x72\x74\x65\x72\x20\x77\x72\x69\x74\x65\x72\x20\x70\x72\x65\x66\x69\x78\x20\x65\x78\x74\x65\x6e\x64\x73\x20\x74\x6f\x20\x74\x68\x65\x20\x6c\x6f\x6e\x67\x65\x72\x20\x70\x72\x65\x66\x69\x78\x20\x70\x61\x67\x65\x20\x62\x79\x20\x70\x61\x67\x65\x22"). As a quirk to support Unicode, we are encoding values as UTF-8 in the header, but in a browser this would likely result in a TypeError exception. Consider encoding this string in ASCII for compatibility with browser implementations of the Fetch specification.
A header value for "MF-Vitest-Source" contains non-ASCII characters: "test/do/merge.test.ts's test "a permuted (unsorted writer_seq) batch inserts identically to sorted (§9.3 rule 1)"" (raw bytes: "\x74\x65\x73\x74\x2f\x64\x6f\x2f\x6d\x65\x72\x67\x65\x2e\x74\x65\x73\x74\x2e\x74\x73\x27\x73\x20\x74\x65\x73\x74\x20\x22\x61\x20\x70\x65\x72\x6d\x75\x74\x65\x64\x20\x28\x75\x6e\x73\x6f\x72\x74\x65\x64\x20\x77\x72\x69\x74\x65\x72\x5f\x73\x65\x71\x29\x20\x62\x61\x74\x63\x68\x20\x69\x6e\x73\x65\x72\x74\x73\x20\x69\x64\x65\x6e\x74\x69\x63\x61\x6c\x6c\x79\x20\x74\x6f\x20\x73\x6f\x72\x74\x65\x64\x20\x28\xc2\xa7\x39\x2e\x33\x20\x72\x75\x6c\x65\x20\x31\x29\x22"). As a quirk to support Unicode, we are encoding values as UTF-8 in the header, but in a browser this would likely result in a TypeError exception. Consider encoding this string in ASCII for compatibility with browser implementations of the Fetch specification.
 ✓ |do| test/realm/realm_remove.workers.test.ts > REALM-REMOVE-1b > unbound registry defaults to refusal before wiping a live realm 189ms
 ✓ |do| test/do/conformance.test.ts > §18 conformance (items 1–12) > §18.5 a shorter writer prefix extends to the longer prefix page by page 657ms
 ✓ |do| test/do/merge.test.ts > mergeEntries (§12.1 / §9.3) > append continues after merge from the merged tip (merge -> append interop) 138ms
 ✓ |do| test/do/merge.test.ts > mergeEntries (§12.1 / §9.3) > a permuted (unsorted writer_seq) batch inserts identically to sorted (§9.3 rule 1) 98ms
A header value for "MF-Vitest-Source" contains non-ASCII characters: "test/do/conformance.test.ts's test "§18.6 a missing sequence is rejected without partial insertion"" (raw bytes: "\x74\x65\x73\x74\x2f\x64\x6f\x2f\x63\x6f\x6e\x66\x6f\x72\x6d\x61\x6e\x63\x65\x2e\x74\x65\x73\x74\x2e\x74\x73\x27\x73\x20\x74\x65\x73\x74\x20\x22\xc2\xa7\x31\x38\x2e\x36\x20\x61\x20\x6d\x69\x73\x73\x69\x6e\x67\x20\x73\x65\x71\x75\x65\x6e\x63\x65\x20\x69\x73\x20\x72\x65\x6a\x65\x63\x74\x65\x64\x20\x77\x69\x74\x68\x6f\x75\x74\x20\x70\x61\x72\x74\x69\x61\x6c\x20\x69\x6e\x73\x65\x72\x74\x69\x6f\x6e\x22"). As a quirk to support Unicode, we are encoding values as UTF-8 in the header, but in a browser this would likely result in a TypeError exception. Consider encoding this string in ASCII for compatibility with browser implementations of the Fetch specification.
A header value for "MF-Vitest-Source" contains non-ASCII characters: "test/do/reads.test.ts's suite "tailLocal (§9.6)"" (raw bytes: "\x74\x65\x73\x74\x2f\x64\x6f\x2f\x72\x65\x61\x64\x73\x2e\x74\x65\x73\x74\x2e\x74\x73\x27\x73\x20\x73\x75\x69\x74\x65\x20\x22\x74\x61\x69\x6c\x4c\x6f\x63\x61\x6c\x20\x28\xc2\xa7\x39\x2e\x36\x29\x22"). As a quirk to support Unicode, we are encoding values as UTF-8 in the header, but in a browser this would likely result in a TypeError exception. Consider encoding this string in ASCII for compatibility with browser implementations of the Fetch specification.
 ✓ |backup| test/backup/backup.workers.test.ts > BACKUP-1b-ii > conflicting immutable entry bytes stop the log without overwriting or advancing its frontier 394ms
 ✓ |do| test/do/merge.test.ts > mergeEntries (§12.1 / §9.3) > empty batch returns inserted 0 / present 0 and the current frontier 96ms
 ✓ |do| test/do/reads.test.ts > tailLocal (§9.6) > caller-contract violations throw RangeError: negative afterArrival, zero/negative limit 113ms
A header value for "MF-Vitest-Source" contains non-ASCII characters: "test/do/conformance.test.ts's test "§18.6 a missing sequence is rejected without partial insertion"" (raw bytes: "\x74\x65\x73\x74\x2f\x64\x6f\x2f\x63\x6f\x6e\x66\x6f\x72\x6d\x61\x6e\x63\x65\x2e\x74\x65\x73\x74\x2e\x74\x73\x27\x73\x20\x74\x65\x73\x74\x20\x22\xc2\xa7\x31\x38\x2e\x36\x20\x61\x20\x6d\x69\x73\x73\x69\x6e\x67\x20\x73\x65\x71\x75\x65\x6e\x63\x65\x20\x69\x73\x20\x72\x65\x6a\x65\x63\x74\x65\x64\x20\x77\x69\x74\x68\x6f\x75\x74\x20\x70\x61\x72\x74\x69\x61\x6c\x20\x69\x6e\x73\x65\x72\x74\x69\x6f\x6e\x22"). As a quirk to support Unicode, we are encoding values as UTF-8 in the header, but in a browser this would likely result in a TypeError exception. Consider encoding this string in ASCII for compatibility with browser implementations of the Fetch specification.
A header value for "MF-Vitest-Source" contains non-ASCII characters: "test/do/conformance.test.ts's test "§18.7 a predecessor mismatch is reported as a writer fork"" (raw bytes: "\x74\x65\x73\x74\x2f\x64\x6f\x2f\x63\x6f\x6e\x66\x6f\x72\x6d\x61\x6e\x63\x65\x2e\x74\x65\x73\x74\x2e\x74\x73\x27\x73\x20\x74\x65\x73\x74\x20\x22\xc2\xa7\x31\x38\x2e\x37\x20\x61\x20\x70\x72\x65\x64\x65\x63\x65\x73\x73\x6f\x72\x20\x6d\x69\x73\x6d\x61\x74\x63\x68\x20\x69\x73\x20\x72\x65\x70\x6f\x72\x74\x65\x64\x20\x61\x73\x20\x61\x20\x77\x72\x69\x74\x65\x72\x20\x66\x6f\x72\x6b\x22"). As a quirk to support Unicode, we are encoding values as UTF-8 in the header, but in a browser this would likely result in a TypeError exception. Consider encoding this string in ASCII for compatibility with browser implementations of the Fetch specification.
 ✓ |do| test/realm/http.workers.test.ts > RealmContainer HTTP contract > keeps two logs in one realm isolated through the HTTP surface 258ms
 ✓ |do| test/do/merge.test.ts > mergeEntries (§12.1 / §9.3) > adversarial getter flipping entry_id between reads cannot desync columns from canonical bytes 63ms
 ✓ |do| test/do/merge.test.ts > mergeEntries (§12.1 / §9.3) > exact duplicate WITHIN one batch is deduplicated and counted present 76ms
A header value for "MF-Vitest-Source" contains non-ASCII characters: "test/do/merge.test.ts's suite "mergeEntries (§12.1 / §9.3)"" (raw bytes: "\x74\x65\x73\x74\x2f\x64\x6f\x2f\x6d\x65\x72\x67\x65\x2e\x74\x65\x73\x74\x2e\x74\x73\x27\x73\x20\x73\x75\x69\x74\x65\x20\x22\x6d\x65\x72\x67\x65\x45\x6e\x74\x72\x69\x65\x73\x20\x28\xc2\xa7\x31\x32\x2e\x31\x20\x2f\x20\xc2\xa7\x39\x2e\x33\x29\x22"). As a quirk to support Unicode, we are encoding values as UTF-8 in the header, but in a browser this would likely result in a TypeError exception. Consider encoding this string in ASCII for compatibility with browser implementations of the Fetch specification.
A header value for "MF-Vitest-Source" contains non-ASCII characters: "test/do/conformance.test.ts's test "§18.7 a predecessor mismatch is reported as a writer fork"" (raw bytes: "\x74\x65\x73\x74\x2f\x64\x6f\x2f\x63\x6f\x6e\x66\x6f\x72\x6d\x61\x6e\x63\x65\x2e\x74\x65\x73\x74\x2e\x74\x73\x27\x73\x20\x74\x65\x73\x74\x20\x22\xc2\xa7\x31\x38\x2e\x37\x20\x61\x20\x70\x72\x65\x64\x65\x63\x65\x73\x73\x6f\x72\x20\x6d\x69\x73\x6d\x61\x74\x63\x68\x20\x69\x73\x20\x72\x65\x70\x6f\x72\x74\x65\x64\x20\x61\x73\x20\x61\x20\x77\x72\x69\x74\x65\x72\x20\x66\x6f\x72\x6b\x22"). As a quirk to support Unicode, we are encoding values as UTF-8 in the header, but in a browser this would likely result in a TypeError exception. Consider encoding this string in ASCII for compatibility with browser implementations of the Fetch specification.
 ✓ |do| test/do/conformance.test.ts > §18 conformance (items 1–12) > §18.6 a missing sequence is rejected without partial insertion 160ms
 ✓ |do| test/do/http.test.ts > POST /v1/logs/{log_id}/entries (§11.2) > a single entry over 1 MiB -> 413 entry_too_large with SP1's slug in details 234ms
 ✓ |do| test/do/http.test.ts > POST /v1/logs/{log_id}/entries (§11.2) > invalid entry (non-object body) -> 422 invalid_entry with SP1's slug in details 82ms
A header value for "MF-Vitest-Source" contains non-ASCII characters: "test/do/conformance.test.ts's test "§18.8 different entries at one writer coordinate are rejected"" (raw bytes: "\x74\x65\x73\x74\x2f\x64\x6f\x2f\x63\x6f\x6e\x66\x6f\x72\x6d\x61\x6e\x63\x65\x2e\x74\x65\x73\x74\x2e\x74\x73\x27\x73\x20\x74\x65\x73\x74\x20\x22\xc2\xa7\x31\x38\x2e\x38\x20\x64\x69\x66\x66\x65\x72\x65\x6e\x74\x20\x65\x6e\x74\x72\x69\x65\x73\x20\x61\x74\x20\x6f\x6e\x65\x20\x77\x72\x69\x74\x65\x72\x20\x63\x6f\x6f\x72\x64\x69\x6e\x61\x74\x65\x20\x61\x72\x65\x20\x72\x65\x6a\x65\x63\x74\x65\x64\x22"). As a quirk to support Unicode, we are encoding values as UTF-8 in the header, but in a browser this would likely result in a TypeError exception. Consider encoding this string in ASCII for compatibility with browser implementations of the Fetch specification.
 ✓ |do| test/do/http.test.ts > POST /v1/logs/{log_id}/entries (§11.2) > batch starting past the tip -> 409 writer_gap with snake_case details and the spec's message form 87ms
 ✓ |do| test/do/http.test.ts > POST /v1/logs/{log_id}/entries (§11.2) > a different entry at an occupied coordinate -> 409 writer_fork with snake_case details 52ms
A header value for "MF-Vitest-Source" contains non-ASCII characters: "test/do/conformance.test.ts's test "§18.8 different entries at one writer coordinate are rejected"" (raw bytes: "\x74\x65\x73\x74\x2f\x64\x6f\x2f\x63\x6f\x6e\x66\x6f\x72\x6d\x61\x6e\x63\x65\x2e\x74\x65\x73\x74\x2e\x74\x73\x27\x73\x20\x74\x65\x73\x74\x20\x22\xc2\xa7\x31\x38\x2e\x38\x20\x64\x69\x66\x66\x65\x72\x65\x6e\x74\x20\x65\x6e\x74\x72\x69\x65\x73\x20\x61\x74\x20\x6f\x6e\x65\x20\x77\x72\x69\x74\x65\x72\x20\x63\x6f\x6f\x72\x64\x69\x6e\x61\x74\x65\x20\x61\x72\x65\x20\x72\x65\x6a\x65\x63\x74\x65\x64\x22"). As a quirk to support Unicode, we are encoding values as UTF-8 in the header, but in a browser this would likely result in a TypeError exception. Consider encoding this string in ASCII for compatibility with browser implementations of the Fetch specification.
 ✓ |do| test/do/conformance.test.ts > §18 conformance (items 1–12) > §18.7 a predecessor mismatch is reported as a writer fork 142ms
A header value for "MF-Vitest-Source" contains non-ASCII characters: "test/do/conformance.test.ts's test "§18.9 reusing an entry UUID with different bytes is rejected"" (raw bytes: "\x74\x65\x73\x74\x2f\x64\x6f\x2f\x63\x6f\x6e\x66\x6f\x72\x6d\x61\x6e\x63\x65\x2e\x74\x65\x73\x74\x2e\x74\x73\x27\x73\x20\x74\x65\x73\x74\x20\x22\xc2\xa7\x31\x38\x2e\x39\x20\x72\x65\x75\x73\x69\x6e\x67\x20\x61\x6e\x20\x65\x6e\x74\x72\x79\x20\x55\x55\x49\x44\x20\x77\x69\x74\x68\x20\x64\x69\x66\x66\x65\x72\x65\x6e\x74\x20\x62\x79\x74\x65\x73\x20\x69\x73\x20\x72\x65\x6a\x65\x63\x74\x65\x64\x22"). As a quirk to support Unicode, we are encoding values as UTF-8 in the header, but in a browser this would likely result in a TypeError exception. Consider encoding this string in ASCII for compatibility with browser implementations of the Fetch specification.
 ✓ |do| test/realm/http.workers.test.ts > RealmContainer HTTP contract > returns distinct stale_revision and obsolete_epoch errors and writes no rows 259ms
A header value for "MF-Vitest-Source" contains non-ASCII characters: "test/do/conformance.test.ts's test "§18.9 reusing an entry UUID with different bytes is rejected"" (raw bytes: "\x74\x65\x73\x74\x2f\x64\x6f\x2f\x63\x6f\x6e\x66\x6f\x72\x6d\x61\x6e\x63\x65\x2e\x74\x65\x73\x74\x2e\x74\x73\x27\x73\x20\x74\x65\x73\x74\x20\x22\xc2\xa7\x31\x38\x2e\x39\x20\x72\x65\x75\x73\x69\x6e\x67\x20\x61\x6e\x20\x65\x6e\x74\x72\x79\x20\x55\x55\x49\x44\x20\x77\x69\x74\x68\x20\x64\x69\x66\x66\x65\x72\x65\x6e\x74\x20\x62\x79\x74\x65\x73\x20\x69\x73\x20\x72\x65\x6a\x65\x63\x74\x65\x64\x22"). As a quirk to support Unicode, we are encoding values as UTF-8 in the header, but in a browser this would likely result in a TypeError exception. Consider encoding this string in ASCII for compatibility with browser implementations of the Fetch specification.
A header value for "MF-Vitest-Source" contains non-ASCII characters: "test/do/conformance.test.ts's test "§18.10 a mixed-writer batch either commits completely or not at all"" (raw bytes: "\x74\x65\x73\x74\x2f\x64\x6f\x2f\x63\x6f\x6e\x66\x6f\x72\x6d\x61\x6e\x63\x65\x2e\x74\x65\x73\x74\x2e\x74\x73\x27\x73\x20\x74\x65\x73\x74\x20\x22\xc2\xa7\x31\x38\x2e\x31\x30\x20\x61\x20\x6d\x69\x78\x65\x64\x2d\x77\x72\x69\x74\x65\x72\x20\x62\x61\x74\x63\x68\x20\x65\x69\x74\x68\x65\x72\x20\x63\x6f\x6d\x6d\x69\x74\x73\x20\x63\x6f\x6d\x70\x6c\x65\x74\x65\x6c\x79\x20\x6f\x72\x20\x6e\x6f\x74\x20\x61\x74\x20\x61\x6c\x6c\x22"). As a quirk to support Unicode, we are encoding values as UTF-8 in the header, but in a browser this would likely result in a TypeError exception. Consider encoding this string in ASCII for compatibility with browser implementations of the Fetch specification.
 ✓ |do| test/do/http.test.ts > POST /v1/logs/{log_id}/entries (§11.2) > reusing an entry_id for different bytes -> 409 entry_id_collision with snake_case details 59ms
 ✓ |do| test/do/conformance.test.ts > §18 conformance (items 1–12) > §18.8 different entries at one writer coordinate are rejected 112ms
 ✓ |do| test/do/conformance.test.ts > §18 conformance (items 1–12) > §18.9 reusing an entry UUID with different bytes is rejected 58ms
A header value for "MF-Vitest-Source" contains non-ASCII characters: "test/do/conformance.test.ts's test "§18.10 a mixed-writer batch either commits completely or not at all"" (raw bytes: "\x74\x65\x73\x74\x2f\x64\x6f\x2f\x63\x6f\x6e\x66\x6f\x72\x6d\x61\x6e\x63\x65\x2e\x74\x65\x73\x74\x2e\x74\x73\x27\x73\x20\x74\x65\x73\x74\x20\x22\xc2\xa7\x31\x38\x2e\x31\x30\x20\x61\x20\x6d\x69\x78\x65\x64\x2d\x77\x72\x69\x74\x65\x72\x20\x62\x61\x74\x63\x68\x20\x65\x69\x74\x68\x65\x72\x20\x63\x6f\x6d\x6d\x69\x74\x73\x20\x63\x6f\x6d\x70\x6c\x65\x74\x65\x6c\x79\x20\x6f\x72\x20\x6e\x6f\x74\x20\x61\x74\x20\x61\x6c\x6c\x22"). As a quirk to support Unicode, we are encoding values as UTF-8 in the header, but in a browser this would likely result in a TypeError exception. Consider encoding this string in ASCII for compatibility with browser implementations of the Fetch specification.
A header value for "MF-Vitest-Source" contains non-ASCII characters: "test/do/http.test.ts's suite "POST /v1/logs/{log_id}/entries (§11.2)"" (raw bytes: "\x74\x65\x73\x74\x2f\x64\x6f\x2f\x68\x74\x74\x70\x2e\x74\x65\x73\x74\x2e\x74\x73\x27\x73\x20\x73\x75\x69\x74\x65\x20\x22\x50\x4f\x53\x54\x20\x2f\x76\x31\x2f\x6c\x6f\x67\x73\x2f\x7b\x6c\x6f\x67\x5f\x69\x64\x7d\x2f\x65\x6e\x74\x72\x69\x65\x73\x20\x28\xc2\xa7\x31\x31\x2e\x32\x29\x22"). As a quirk to support Unicode, we are encoding values as UTF-8 in the header, but in a browser this would likely result in a TypeError exception. Consider encoding this string in ASCII for compatibility with browser implementations of the Fetch specification.
A header value for "MF-Vitest-Source" contains non-ASCII characters: "test/do/http.test.ts's suite "GET /v1/logs/{log_id}/frontier (§11.3)"" (raw bytes: "\x74\x65\x73\x74\x2f\x64\x6f\x2f\x68\x74\x74\x70\x2e\x74\x65\x73\x74\x2e\x74\x73\x27\x73\x20\x73\x75\x69\x74\x65\x20\x22\x47\x45\x54\x20\x2f\x76\x31\x2f\x6c\x6f\x67\x73\x2f\x7b\x6c\x6f\x67\x5f\x69\x64\x7d\x2f\x66\x72\x6f\x6e\x74\x69\x65\x72\x20\x28\xc2\xa7\x31\x31\x2e\x33\x29\x22"). As a quirk to support Unicode, we are encoding values as UTF-8 in the header, but in a browser this would likely result in a TypeError exception. Consider encoding this string in ASCII for compatibility with browser implementations of the Fetch specification.
A header value for "MF-Vitest-Source" contains non-ASCII characters: "test/do/conformance.test.ts's test "§18.11 local arrival order may differ while frontiers and canonical entries converge"" (raw bytes: "\x74\x65\x73\x74\x2f\x64\x6f\x2f\x63\x6f\x6e\x66\x6f\x72\x6d\x61\x6e\x63\x65\x2e\x74\x65\x73\x74\x2e\x74\x73\x27\x73\x20\x74\x65\x73\x74\x20\x22\xc2\xa7\x31\x38\x2e\x31\x31\x20\x6c\x6f\x63\x61\x6c\x20\x61\x72\x72\x69\x76\x61\x6c\x20\x6f\x72\x64\x65\x72\x20\x6d\x61\x79\x20\x64\x69\x66\x66\x65\x72\x20\x77\x68\x69\x6c\x65\x20\x66\x72\x6f\x6e\x74\x69\x65\x72\x73\x20\x61\x6e\x64\x20\x63\x61\x6e\x6f\x6e\x69\x63\x61\x6c\x20\x65\x6e\x74\x72\x69\x65\x73\x20\x63\x6f\x6e\x76\x65\x72\x67\x65\x22"). As a quirk to support Unicode, we are encoding values as UTF-8 in the header, but in a browser this would likely result in a TypeError exception. Consider encoding this string in ASCII for compatibility with browser implementations of the Fetch specification.
 ✓ |do| test/do/http.test.ts > POST /v1/logs/{log_id}/entries (§11.2) > intra-batch prev-linkage violation -> 422 invalid_entry (recorded invalid_batch mapping) 55ms
 ✓ |do| test/do/http.test.ts > POST /v1/logs/{log_id}/entries (§11.2) > an entry whose log_id names another log -> 409 log_mismatch 72ms
A header value for "MF-Vitest-Source" contains non-ASCII characters: "test/do/http.test.ts's test "returns the §9.4 encoded shape: log_id plus writers sorted by writer_id"" (raw bytes: "\x74\x65\x73\x74\x2f\x64\x6f\x2f\x68\x74\x74\x70\x2e\x74\x65\x73\x74\x2e\x74\x73\x27\x73\x20\x74\x65\x73\x74\x20\x22\x72\x65\x74\x75\x72\x6e\x73\x20\x74\x68\x65\x20\xc2\xa7\x39\x2e\x34\x20\x65\x6e\x63\x6f\x64\x65\x64\x20\x73\x68\x61\x70\x65\x3a\x20\x6c\x6f\x67\x5f\x69\x64\x20\x70\x6c\x75\x73\x20\x77\x72\x69\x74\x65\x72\x73\x20\x73\x6f\x72\x74\x65\x64\x20\x62\x79\x20\x77\x72\x69\x74\x65\x72\x5f\x69\x64\x22"). As a quirk to support Unicode, we are encoding values as UTF-8 in the header, but in a browser this would likely result in a TypeError exception. Consider encoding this string in ASCII for compatibility with browser implementations of the Fetch specification.
 ✓ |do| test/realm/http.workers.test.ts > RealmContainer HTTP contract > an unknown-log read is not-found and creates neither schema nor rows 147ms
 ✓ |do| test/do/conformance.test.ts > §18 conformance (items 1–12) > §18.10 a mixed-writer batch either commits completely or not at all 115ms
 ✓ |do| test/do/http.test.ts > GET /v1/logs/{log_id}/frontier (§11.3) > before create -> 404 log_not_found 54ms
A header value for "MF-Vitest-Source" contains non-ASCII characters: "test/do/http.test.ts's test "returns the §9.4 encoded shape: log_id plus writers sorted by writer_id"" (raw bytes: "\x74\x65\x73\x74\x2f\x64\x6f\x2f\x68\x74\x74\x70\x2e\x74\x65\x73\x74\x2e\x74\x73\x27\x73\x20\x74\x65\x73\x74\x20\x22\x72\x65\x74\x75\x72\x6e\x73\x20\x74\x68\x65\x20\xc2\xa7\x39\x2e\x34\x20\x65\x6e\x63\x6f\x64\x65\x64\x20\x73\x68\x61\x70\x65\x3a\x20\x6c\x6f\x67\x5f\x69\x64\x20\x70\x6c\x75\x73\x20\x77\x72\x69\x74\x65\x72\x73\x20\x73\x6f\x72\x74\x65\x64\x20\x62\x79\x20\x77\x72\x69\x74\x65\x72\x5f\x69\x64\x22"). As a quirk to support Unicode, we are encoding values as UTF-8 in the header, but in a browser this would likely result in a TypeError exception. Consider encoding this string in ASCII for compatibility with browser implementations of the Fetch specification.
A header value for "MF-Vitest-Source" contains non-ASCII characters: "test/do/http.test.ts's suite "GET /v1/logs/{log_id}/frontier (§11.3)"" (raw bytes: "\x74\x65\x73\x74\x2f\x64\x6f\x2f\x68\x74\x74\x70\x2e\x74\x65\x73\x74\x2e\x74\x73\x27\x73\x20\x73\x75\x69\x74\x65\x20\x22\x47\x45\x54\x20\x2f\x76\x31\x2f\x6c\x6f\x67\x73\x2f\x7b\x6c\x6f\x67\x5f\x69\x64\x7d\x2f\x66\x72\x6f\x6e\x74\x69\x65\x72\x20\x28\xc2\xa7\x31\x31\x2e\x33\x29\x22"). As a quirk to support Unicode, we are encoding values as UTF-8 in the header, but in a browser this would likely result in a TypeError exception. Consider encoding this string in ASCII for compatibility with browser implementations of the Fetch specification.
A header value for "MF-Vitest-Source" contains non-ASCII characters: "test/do/http.test.ts's suite "GET /v1/logs/{log_id}/writers/{writer_id}/entries (§11.4)"" (raw bytes: "\x74\x65\x73\x74\x2f\x64\x6f\x2f\x68\x74\x74\x70\x2e\x74\x65\x73\x74\x2e\x74\x73\x27\x73\x20\x73\x75\x69\x74\x65\x20\x22\x47\x45\x54\x20\x2f\x76\x31\x2f\x6c\x6f\x67\x73\x2f\x7b\x6c\x6f\x67\x5f\x69\x64\x7d\x2f\x77\x72\x69\x74\x65\x72\x73\x2f\x7b\x77\x72\x69\x74\x65\x72\x5f\x69\x64\x7d\x2f\x65\x6e\x74\x72\x69\x65\x73\x20\x28\xc2\xa7\x31\x31\x2e\x34\x29\x22"). As a quirk to support Unicode, we are encoding values as UTF-8 in the header, but in a browser this would likely result in a TypeError exception. Consider encoding this string in ASCII for compatibility with browser implementations of the Fetch specification.
A header value for "MF-Vitest-Source" contains non-ASCII characters: "test/do/conformance.test.ts's test "§18.11 local arrival order may differ while frontiers and canonical entries converge"" (raw bytes: "\x74\x65\x73\x74\x2f\x64\x6f\x2f\x63\x6f\x6e\x66\x6f\x72\x6d\x61\x6e\x63\x65\x2e\x74\x65\x73\x74\x2e\x74\x73\x27\x73\x20\x74\x65\x73\x74\x20\x22\xc2\xa7\x31\x38\x2e\x31\x31\x20\x6c\x6f\x63\x61\x6c\x20\x61\x72\x72\x69\x76\x61\x6c\x20\x6f\x72\x64\x65\x72\x20\x6d\x61\x79\x20\x64\x69\x66\x66\x65\x72\x20\x77\x68\x69\x6c\x65\x20\x66\x72\x6f\x6e\x74\x69\x65\x72\x73\x20\x61\x6e\x64\x20\x63\x61\x6e\x6f\x6e\x69\x63\x61\x6c\x20\x65\x6e\x74\x72\x69\x65\x73\x20\x63\x6f\x6e\x76\x65\x72\x67\x65\x22"). As a quirk to support Unicode, we are encoding values as UTF-8 in the header, but in a browser this would likely result in a TypeError exception. Consider encoding this string in ASCII for compatibility with browser implementations of the Fetch specification.
 ✓ |do| test/realm/http.workers.test.ts > RealmContainer HTTP contract > rejects malformed bodies before they can do damage 143ms
 ✓ |do| test/do/http.test.ts > GET /v1/logs/{log_id}/frontier (§11.3) > returns the §9.4 encoded shape: log_id plus writers sorted by writer_id 94ms
 ✓ |do| test/do/conformance.test.ts > §18 conformance (items 1–12) > §18.11 local arrival order may differ while frontiers and canonical entries converge 259ms
A header value for "MF-Vitest-Source" contains non-ASCII characters: "test/do/conformance.test.ts's test "§18.12 timestamps do not affect merge results"" (raw bytes: "\x74\x65\x73\x74\x2f\x64\x6f\x2f\x63\x6f\x6e\x66\x6f\x72\x6d\x61\x6e\x63\x65\x2e\x74\x65\x73\x74\x2e\x74\x73\x27\x73\x20\x74\x65\x73\x74\x20\x22\xc2\xa7\x31\x38\x2e\x31\x32\x20\x74\x69\x6d\x65\x73\x74\x61\x6d\x70\x73\x20\x64\x6f\x20\x6e\x6f\x74\x20\x61\x66\x66\x65\x63\x74\x20\x6d\x65\x72\x67\x65\x20\x72\x65\x73\x75\x6c\x74\x73\x22"). As a quirk to support Unicode, we are encoding values as UTF-8 in the header, but in a browser this would likely result in a TypeError exception. Consider encoding this string in ASCII for compatibility with browser implementations of the Fetch specification.
A header value for "MF-Vitest-Source" contains non-ASCII characters: "test/do/http.test.ts's test "an unknown writer -> 200 with empty entries and null cursor (§10 sync probes)"" (raw bytes: "\x74\x65\x73\x74\x2f\x64\x6f\x2f\x68\x74\x74\x70\x2e\x74\x65\x73\x74\x2e\x74\x73\x27\x73\x20\x74\x65\x73\x74\x20\x22\x61\x6e\x20\x75\x6e\x6b\x6e\x6f\x77\x6e\x20\x77\x72\x69\x74\x65\x72\x20\x2d\x3e\x20\x32\x30\x30\x20\x77\x69\x74\x68\x20\x65\x6d\x70\x74\x79\x20\x65\x6e\x74\x72\x69\x65\x73\x20\x61\x6e\x64\x20\x6e\x75\x6c\x6c\x20\x63\x75\x72\x73\x6f\x72\x20\x28\xc2\xa7\x31\x30\x20\x73\x79\x6e\x63\x20\x70\x72\x6f\x62\x65\x73\x29\x22"). As a quirk to support Unicode, we are encoding values as UTF-8 in the header, but in a browser this would likely result in a TypeError exception. Consider encoding this string in ASCII for compatibility with browser implementations of the Fetch specification.
 ✓ |do| test/realm/http.workers.test.ts > RealmContainer HTTP contract > reports a fork-shaped commit only as a storage constraint 136ms
 ✓ |do| test/do/http.test.ts > GET /v1/logs/{log_id}/writers/{writer_id}/entries (§11.4) > pages through a writer with limit, returning canonical entry objects and next_after 102ms
 ✓ |do| test/do/http.test.ts > GET /v1/logs/{log_id}/writers/{writer_id}/entries (§11.4) > honors after (exclusive) and through (inclusive) 70ms
A header value for "MF-Vitest-Source" contains non-ASCII characters: "test/do/http.test.ts's test "an unknown writer -> 200 with empty entries and null cursor (§10 sync probes)"" (raw bytes: "\x74\x65\x73\x74\x2f\x64\x6f\x2f\x68\x74\x74\x70\x2e\x74\x65\x73\x74\x2e\x74\x73\x27\x73\x20\x74\x65\x73\x74\x20\x22\x61\x6e\x20\x75\x6e\x6b\x6e\x6f\x77\x6e\x20\x77\x72\x69\x74\x65\x72\x20\x2d\x3e\x20\x32\x30\x30\x20\x77\x69\x74\x68\x20\x65\x6d\x70\x74\x79\x20\x65\x6e\x74\x72\x69\x65\x73\x20\x61\x6e\x64\x20\x6e\x75\x6c\x6c\x20\x63\x75\x72\x73\x6f\x72\x20\x28\xc2\xa7\x31\x30\x20\x73\x79\x6e\x63\x20\x70\x72\x6f\x62\x65\x73\x29\x22"). As a quirk to support Unicode, we are encoding values as UTF-8 in the header, but in a browser this would likely result in a TypeError exception. Consider encoding this string in ASCII for compatibility with browser implementations of the Fetch specification.
 ✓ |do| test/realm/http.workers.test.ts > RealmContainer HTTP contract > exposes the pinned read routes with the RealmStore page shapes 128ms
 ✓ |do| test/realm/http.workers.test.ts > RealmContainer HTTP contract > pins storage_full on the wire as a mapping, not an exercised disk-full behavior 15ms
A header value for "MF-Vitest-Source" contains non-ASCII characters: "test/do/conformance.test.ts's test "§18.12 timestamps do not affect merge results"" (raw bytes: "\x74\x65\x73\x74\x2f\x64\x6f\x2f\x63\x6f\x6e\x66\x6f\x72\x6d\x61\x6e\x63\x65\x2e\x74\x65\x73\x74\x2e\x74\x73\x27\x73\x20\x74\x65\x73\x74\x20\x22\xc2\xa7\x31\x38\x2e\x31\x32\x20\x74\x69\x6d\x65\x73\x74\x61\x6d\x70\x73\x20\x64\x6f\x20\x6e\x6f\x74\x20\x61\x66\x66\x65\x63\x74\x20\x6d\x65\x72\x67\x65\x20\x72\x65\x73\x75\x6c\x74\x73\x22"). As a quirk to support Unicode, we are encoding values as UTF-8 in the header, but in a browser this would likely result in a TypeError exception. Consider encoding this string in ASCII for compatibility with browser implementations of the Fetch specification.
 ✓ |do| test/do/conformance.test.ts > §18 conformance (items 1–12) > §18.12 timestamps do not affect merge results 227ms
A header value for "MF-Vitest-Source" contains non-ASCII characters: "test/do/conformance.test.ts's suite "§18 conformance (items 1–12)"" (raw bytes: "\x74\x65\x73\x74\x2f\x64\x6f\x2f\x63\x6f\x6e\x66\x6f\x72\x6d\x61\x6e\x63\x65\x2e\x74\x65\x73\x74\x2e\x74\x73\x27\x73\x20\x73\x75\x69\x74\x65\x20\x22\xc2\xa7\x31\x38\x20\x63\x6f\x6e\x66\x6f\x72\x6d\x61\x6e\x63\x65\x20\x28\x69\x74\x65\x6d\x73\x20\x31\xe2\x80\x93\x31\x32\x29\x22"). As a quirk to support Unicode, we are encoding values as UTF-8 in the header, but in a browser this would likely result in a TypeError exception. Consider encoding this string in ASCII for compatibility with browser implementations of the Fetch specification.
A header value for "MF-Vitest-Source" contains non-ASCII characters: "test/do/conformance.test.ts's test "exactly 12 §18-numbered tests are registered in this file, covering items 1–12 once each"" (raw bytes: "\x74\x65\x73\x74\x2f\x64\x6f\x2f\x63\x6f\x6e\x66\x6f\x72\x6d\x61\x6e\x63\x65\x2e\x74\x65\x73\x74\x2e\x74\x73\x27\x73\x20\x74\x65\x73\x74\x20\x22\x65\x78\x61\x63\x74\x6c\x79\x20\x31\x32\x20\xc2\xa7\x31\x38\x2d\x6e\x75\x6d\x62\x65\x72\x65\x64\x20\x74\x65\x73\x74\x73\x20\x61\x72\x65\x20\x72\x65\x67\x69\x73\x74\x65\x72\x65\x64\x20\x69\x6e\x20\x74\x68\x69\x73\x20\x66\x69\x6c\x65\x2c\x20\x63\x6f\x76\x65\x72\x69\x6e\x67\x20\x69\x74\x65\x6d\x73\x20\x31\xe2\x80\x93\x31\x32\x20\x6f\x6e\x63\x65\x20\x65\x61\x63\x68\x22"). As a quirk to support Unicode, we are encoding values as UTF-8 in the header, but in a browser this would likely result in a TypeError exception. Consider encoding this string in ASCII for compatibility with browser implementations of the Fetch specification.
 ✓ |do| test/do/http.test.ts > GET /v1/logs/{log_id}/writers/{writer_id}/entries (§11.4) > an unknown writer -> 200 with empty entries and null cursor (§10 sync probes) 64ms
 ✓ |do| test/do/http.test.ts > GET /v1/logs/{log_id}/writers/{writer_id}/entries (§11.4) > before create -> 404 log_not_found 39ms
A header value for "MF-Vitest-Source" contains non-ASCII characters: "test/do/conformance.test.ts's test "exactly 12 §18-numbered tests are registered in this file, covering items 1–12 once each"" (raw bytes: "\x74\x65\x73\x74\x2f\x64\x6f\x2f\x63\x6f\x6e\x66\x6f\x72\x6d\x61\x6e\x63\x65\x2e\x74\x65\x73\x74\x2e\x74\x73\x27\x73\x20\x74\x65\x73\x74\x20\x22\x65\x78\x61\x63\x74\x6c\x79\x20\x31\x32\x20\xc2\xa7\x31\x38\x2d\x6e\x75\x6d\x62\x65\x72\x65\x64\x20\x74\x65\x73\x74\x73\x20\x61\x72\x65\x20\x72\x65\x67\x69\x73\x74\x65\x72\x65\x64\x20\x69\x6e\x20\x74\x68\x69\x73\x20\x66\x69\x6c\x65\x2c\x20\x63\x6f\x76\x65\x72\x69\x6e\x67\x20\x69\x74\x65\x6d\x73\x20\x31\xe2\x80\x93\x31\x32\x20\x6f\x6e\x63\x65\x20\x65\x61\x63\x68\x22"). As a quirk to support Unicode, we are encoding values as UTF-8 in the header, but in a browser this would likely result in a TypeError exception. Consider encoding this string in ASCII for compatibility with browser implementations of the Fetch specification.
 ✓ |do| test/do/conformance.test.ts > suite anti-vacuity > exactly 12 §18-numbered tests are registered in this file, covering items 1–12 once each 19ms
 ✓ |do| test/do/http.test.ts > GET /v1/logs/{log_id}/writers/{writer_id}/entries (§11.4) > non-integer limit -> 422 invalid_entry with a reason detail 73ms
 ✓ |do| test/do/http.test.ts > GET /v1/logs/{log_id}/writers/{writer_id}/entries (§11.4) > negative after -> 422 invalid_entry (store RangeError mapped) 50ms
 ✓ |do| test/do/http.test.ts > GET /v1/logs/{log_id}/writers/{writer_id}/entries (§11.4) > limit=0 -> 422 invalid_entry (store RangeError mapped) 47ms
A header value for "MF-Vitest-Source" contains non-ASCII characters: "test/do/http.test.ts's suite "GET /v1/logs/{log_id}/writers/{writer_id}/entries (§11.4)"" (raw bytes: "\x74\x65\x73\x74\x2f\x64\x6f\x2f\x68\x74\x74\x70\x2e\x74\x65\x73\x74\x2e\x74\x73\x27\x73\x20\x73\x75\x69\x74\x65\x20\x22\x47\x45\x54\x20\x2f\x76\x31\x2f\x6c\x6f\x67\x73\x2f\x7b\x6c\x6f\x67\x5f\x69\x64\x7d\x2f\x77\x72\x69\x74\x65\x72\x73\x2f\x7b\x77\x72\x69\x74\x65\x72\x5f\x69\x64\x7d\x2f\x65\x6e\x74\x72\x69\x65\x73\x20\x28\xc2\xa7\x31\x31\x2e\x34\x29\x22"). As a quirk to support Unicode, we are encoding values as UTF-8 in the header, but in a browser this would likely result in a TypeError exception. Consider encoding this string in ASCII for compatibility with browser implementations of the Fetch specification.
A header value for "MF-Vitest-Source" contains non-ASCII characters: "test/do/http.test.ts's suite "GET /v1/logs/{log_id}/entries (§11.5 arrival tail)"" (raw bytes: "\x74\x65\x73\x74\x2f\x64\x6f\x2f\x68\x74\x74\x70\x2e\x74\x65\x73\x74\x2e\x74\x73\x27\x73\x20\x73\x75\x69\x74\x65\x20\x22\x47\x45\x54\x20\x2f\x76\x31\x2f\x6c\x6f\x67\x73\x2f\x7b\x6c\x6f\x67\x5f\x69\x64\x7d\x2f\x65\x6e\x74\x72\x69\x65\x73\x20\x28\xc2\xa7\x31\x31\x2e\x35\x20\x61\x72\x72\x69\x76\x61\x6c\x20\x74\x61\x69\x6c\x29\x22"). As a quirk to support Unicode, we are encoding values as UTF-8 in the header, but in a browser this would likely result in a TypeError exception. Consider encoding this string in ASCII for compatibility with browser implementations of the Fetch specification.
A header value for "MF-Vitest-Source" contains non-ASCII characters: "test/do/conformance.test.ts's suite "restart durability (��15.2 / §8 invariant 2)"" (raw bytes: "\x74\x65\x73\x74\x2f\x64\x6f\x2f\x63\x6f\x6e\x66\x6f\x72\x6d\x61\x6e\x63\x65\x2e\x74\x65\x73\x74\x2e\x74\x73\x27\x73\x20\x73\x75\x69\x74\x65\x20\x22\x72\x65\x73\x74\x61\x72\x74\x20\x64\x75\x72\x61\x62\x69\x6c\x69\x74\x79\x20\x28\xc2\xa7\x31\x35\x2e\x32\x20\x2f\x20\xc2\xa7\x38\x20\x69\x6e\x76\x61\x72\x69\x61\x6e\x74\x20\x32\x29\x22"). As a quirk to support Unicode, we are encoding values as UTF-8 in the header, but in a browser this would likely result in a TypeError exception. Consider encoding this string in ASCII for compatibility with browser implementations of the Fetch specification.
workerd/io/io-context.c++:435: info: uncaught exception; exception = workerd/api/actor-state.c++:1110: failed: broken.outputGateBroken; jsg.Error: simulated restart
stack: /home/jes/commonplace-log/worker/node_modules/@cloudflare/workerd-linux-64/bin/workerd@2cfbb00 /home/jes/commonplace-log/worker/node_modules/@cloudflare/workerd-linux-64/bin/workerd@2cfbe50 /home/jes/commonplace-log/worker/node_modules/@cloudflare/workerd-linux-64/bin/workerd@2cfca8e /home/jes/commonplace-log/worker/node_modules/@cloudflare/workerd-linux-64/bin/workerd@4f03c2a /home/jes/commonplace-log/worker/node_modules/@cloudflare/workerd-linux-64/bin/workerd@2b0c760 /home/jes/commonplace-log/worker/node_modules/@cloudflare/workerd-linux-64/bin/workerd@2b0cd90
 ✓ |do| test/do/conformance.test.ts > the audit itself > goes red on a corrupted store: a trigger-legal direct INSERT creates a gap, a stale tip, and a column/bytes mismatch, and the audit names each 82ms
A header value for "MF-Vitest-Source" contains non-ASCII characters: "test/do/conformance.test.ts's suite "restart durability (§15.2 / §8 invariant 2)"" (raw bytes: "\x74\x65\x73\x74\x2f\x64\x6f\x2f\x63\x6f\x6e\x66\x6f\x72\x6d\x61\x6e\x63\x65\x2e\x74\x65\x73\x74\x2e\x74\x73\x27\x73\x20\x73\x75\x69\x74\x65\x20\x22\x72\x65\x73\x74\x61\x72\x74\x20\x64\x75\x72\x61\x62\x69\x6c\x69\x74\x79\x20\x28\xc2\xa7\x31\x35\x2e\x32\x20\x2f\x20\xc2\xa7\x38\x20\x69\x6e\x76\x61\x72\x69\x61\x6e\x74\x20\x32\x29\x22"). As a quirk to support Unicode, we are encoding values as UTF-8 in the header, but in a browser this would likely result in a TypeError exception. Consider encoding this string in ASCII for compatibility with browser implementations of the Fetch specification.
 ✓ |do| test/do/conformance.test.ts > restart durability (§15.2 / §8 invariant 2) > acked entries survive a Durable Object restart; tips rebuild from SQL; the chain continues 104ms
A header value for "MF-Vitest-Source" contains non-ASCII characters: "test/do/http.test.ts's suite "GET /v1/logs/{log_id}/entries (§11.5 arrival tail)"" (raw bytes: "\x74\x65\x73\x74\x2f\x64\x6f\x2f\x68\x74\x74\x70\x2e\x74\x65\x73\x74\x2e\x74\x73\x27\x73\x20\x73\x75\x69\x74\x65\x20\x22\x47\x45\x54\x20\x2f\x76\x31\x2f\x6c\x6f\x67\x73\x2f\x7b\x6c\x6f\x67\x5f\x69\x64\x7d\x2f\x65\x6e\x74\x72\x69\x65\x73\x20\x28\xc2\xa7\x31\x31\x2e\x35\x20\x61\x72\x72\x69\x76\x61\x6c\x20\x74\x61\x69\x6c\x29\x22"). As a quirk to support Unicode, we are encoding values as UTF-8 in the header, but in a browser this would likely result in a TypeError exception. Consider encoding this string in ASCII for compatibility with browser implementations of the Fetch specification.
 ✓ |do| test/do/http.test.ts > GET /v1/logs/{log_id}/entries (§11.5 arrival tail) > returns entries in arrival order across writers with next_after_arrival paging 111ms
 ✓ |do| test/do/http.test.ts > GET /v1/logs/{log_id}/entries (§11.5 arrival tail) > non-integer after_arrival -> 422 invalid_entry with a reason detail 49ms
A header value for "MF-Vitest-Source" contains non-ASCII characters: "test/do/http.test.ts's test "returns counts only — entries and writers, no bodies"" (raw bytes: "\x74\x65\x73\x74\x2f\x64\x6f\x2f\x68\x74\x74\x70\x2e\x74\x65\x73\x74\x2e\x74\x73\x27\x73\x20\x74\x65\x73\x74\x20\x22\x72\x65\x74\x75\x72\x6e\x73\x20\x63\x6f\x75\x6e\x74\x73\x20\x6f\x6e\x6c\x79\x20\xe2\x80\x94\x20\x65\x6e\x74\x72\x69\x65\x73\x20\x61\x6e\x64\x20\x77\x72\x69\x74\x65\x72\x73\x2c\x20\x6e\x6f\x20\x62\x6f\x64\x69\x65\x73\x22"). As a quirk to support Unicode, we are encoding values as UTF-8 in the header, but in a browser this would likely result in a TypeError exception. Consider encoding this string in ASCII for compatibility with browser implementations of the Fetch specification.
A header value for "MF-Vitest-Source" contains non-ASCII characters: "test/do/http.test.ts's test "returns counts only — entries and writers, no bodies"" (raw bytes: "\x74\x65\x73\x74\x2f\x64\x6f\x2f\x68\x74\x74\x70\x2e\x74\x65\x73\x74\x2e\x74\x73\x27\x73\x20\x74\x65\x73\x74\x20\x22\x72\x65\x74\x75\x72\x6e\x73\x20\x63\x6f\x75\x6e\x74\x73\x20\x6f\x6e\x6c\x79\x20\xe2\x80\x94\x20\x65\x6e\x74\x72\x69\x65\x73\x20\x61\x6e\x64\x20\x77\x72\x69\x74\x65\x72\x73\x2c\x20\x6e\x6f\x20\x62\x6f\x64\x69\x65\x73\x22"). As a quirk to support Unicode, we are encoding values as UTF-8 in the header, but in a browser this would likely result in a TypeError exception. Consider encoding this string in ASCII for compatibility with browser implementations of the Fetch specification.
 ✓ |do| test/do/http.test.ts > GET /v1/logs/{log_id}/stats (internal debug route) > returns counts only — entries and writers, no bodies 64ms
A header value for "MF-Vitest-Source" contains non-ASCII characters: "test/do/http.test.ts's test "an object addressed WITHOUT a name (newUniqueId) §13.1-rejects every request: 409 log_mismatch, unverifiable-name row"" (raw bytes: "\x74\x65\x73\x74\x2f\x64\x6f\x2f\x68\x74\x74\x70\x2e\x74\x65\x73\x74\x2e\x74\x73\x27\x73\x20\x74\x65\x73\x74\x20\x22\x61\x6e\x20\x6f\x62\x6a\x65\x63\x74\x20\x61\x64\x64\x72\x65\x73\x73\x65\x64\x20\x57\x49\x54\x48\x4f\x55\x54\x20\x61\x20\x6e\x61\x6d\x65\x20\x28\x6e\x65\x77\x55\x6e\x69\x71\x75\x65\x49\x64\x29\x20\xc2\xa7\x31\x33\x2e\x31\x2d\x72\x65\x6a\x65\x63\x74\x73\x20\x65\x76\x65\x72\x79\x20\x72\x65\x71\x75\x65\x73\x74\x3a\x20\x34\x30\x39\x20\x6c\x6f\x67\x5f\x6d\x69\x73\x6d\x61\x74\x63\x68\x2c\x20\x75\x6e\x76\x65\x72\x69\x66\x69\x61\x62\x6c\x65\x2d\x6e\x61\x6d\x65\x20\x72\x6f\x77\x22"). As a quirk to support Unicode, we are encoding values as UTF-8 in the header, but in a browser this would likely result in a TypeError exception. Consider encoding this string in ASCII for compatibility with browser implementations of the Fetch specification.
 ✓ |do| test/do/http.test.ts > unknown routes > an unknown path -> 404 with the recorded 'unknown route' envelope 33ms
 ✓ |do| test/do/http.test.ts > unknown routes > a known path with an unsupported method -> 404 unknown route 53ms
A header value for "MF-Vitest-Source" contains non-ASCII characters: "test/do/http.test.ts's test "an object addressed WITHOUT a name (newUniqueId) §13.1-rejects every request: 409 log_mismatch, unverifiable-name row"" (raw bytes: "\x74\x65\x73\x74\x2f\x64\x6f\x2f\x68\x74\x74\x70\x2e\x74\x65\x73\x74\x2e\x74\x73\x27\x73\x20\x74\x65\x73\x74\x20\x22\x61\x6e\x20\x6f\x62\x6a\x65\x63\x74\x20\x61\x64\x64\x72\x65\x73\x73\x65\x64\x20\x57\x49\x54\x48\x4f\x55\x54\x20\x61\x20\x6e\x61\x6d\x65\x20\x28\x6e\x65\x77\x55\x6e\x69\x71\x75\x65\x49\x64\x29\x20\xc2\xa7\x31\x33\x2e\x31\x2d\x72\x65\x6a\x65\x63\x74\x73\x20\x65\x76\x65\x72\x79\x20\x72\x65\x71\x75\x65\x73\x74\x3a\x20\x34\x30\x39\x20\x6c\x6f\x67\x5f\x6d\x69\x73\x6d\x61\x74\x63\x68\x2c\x20\x75\x6e\x76\x65\x72\x69\x66\x69\x61\x62\x6c\x65\x2d\x6e\x61\x6d\x65\x20\x72\x6f\x77\x22"). As a quirk to support Unicode, we are encoding values as UTF-8 in the header, but in a browser this would likely result in a TypeError exception. Consider encoding this string in ASCII for compatibility with browser implementations of the Fetch specification.
 ✓ |do| test/do/http.test.ts > CommonplaceLog.fetch wiring (the real DO class) > an object addressed WITHOUT a name (newUniqueId) §13.1-rejects every request: 409 log_mismatch, unverifiable-name row 51ms
 ✓ |do| test/do/http.test.ts > CommonplaceLog.fetch wiring (the real DO class) > fetch routes through handleRequest (an unknown path gets the recorded 404 envelope, proving the store+router are wired) 39ms
stdout | test/backup/backup.workers.test.ts > BACKUP-1b-ii > paginates the registry, log inventory, and writer sequence without skipping entries
PAGING registry pages=2 log pages=2 writer pages=2 entries=101 frontiers=101

 ✓ |backup| test/backup/backup.workers.test.ts > BACKUP-1b-ii > paginates the registry, log inventory, and writer sequence without skipping entries 2456ms

 Test Files  24 passed (24)
      Tests  320 passed (320)
   Start at  15:48:11
   Duration  22.86s (transform 4.85s, setup 0ms, collect 58.22s, tests 67.11s, environment 21ms, prepare 27.31s)

[vpw:debug] Shutting down runtimes...
[vpw:debug] Disposing remote proxy sessions...
