
 RUN  v3.2.7 /home/jes/codex-realm-arms/worker

(node:34519) [DEP0040] DeprecationWarning: The `punycode` module is deprecated. Please use a userland alternative instead.
(Use `node --trace-deprecation ...` to show where the warning was created)
[vpw:debug] Adding `enable_nodejs_tty_module` compatibility flag during tests as this feature is needed to support the Vitest runner.
[vpw:debug] Adding `enable_nodejs_fs_module` compatibility flag during tests as this feature is needed to support the Vitest runner.
[vpw:debug] Adding `enable_nodejs_http_modules` compatibility flag during tests as this feature is needed to support the Vitest runner.
[vpw:debug] Adding `enable_nodejs_perf_hooks_module` compatibility flag during tests as this feature is needed to support the Vitest runner.
[vpw:info] Starting isolated runtimes for vitest.workers.config.ts...
 ✓ |unit| test/realm/outbound.test.ts > storageInternal > refuses a request for any host other than storage.internal 29ms
 ✓ |unit| test/realm/outbound.test.ts > storageInternal > selects only ctx.containerId even when the request names another realm 10ms
 ✓ |unit| test/realm/outbound.test.ts > storageInternal > rewrites the origin, preserves path/query/method/body, and strips authorization 3ms
 ✓ |unit| test/errors.test.ts > ERROR_STATUS (§11.6 table) > carries the FULL §11.6 status/code table, exactly 11ms
 ✓ |unit| test/errors.test.ts > ERROR_STATUS (§11.6 table) > pins the 507 storage_full row (not simulable in local workerd — §15.6) 1ms
 ✓ |unit| test/errors.test.ts > ERROR_STATUS (§11.6 table) > pins the 409 quadruplet: log_mismatch, writer_gap, writer_fork, entry_id_collision 0ms
 ✓ |unit| test/errors.test.ts > ERROR_STATUS (§11.6 table) > pins both 413 codes: entry_too_large and batch_too_large 0ms
 ✓ |unit| test/errors.test.ts > envelope (§11.6 shape) > builds the exact spec envelope with details 0ms
 ✓ |unit| test/errors.test.ts > envelope (§11.6 shape) > omits the details key entirely when no details are given 0ms
 ✓ |unit| test/errors.test.ts > toWireDetails (StoreError camelCase -> §11.6 snake_case) > maps the recorded StoreError keys: expectedSeq, tipEntryId, writerId, entryId 0ms
 ✓ |unit| test/errors.test.ts > toWireDetails (StoreError camelCase -> §11.6 snake_case) > leaves already-snake_case and single-word keys untouched (reason, seq, expected_seq) 0ms
 ✓ |unit| test/errors.test.ts > toWireDetails (StoreError camelCase -> §11.6 snake_case) > preserves null values (tipEntryId null for a fresh writer) 0ms
 ✓ |unit| test/errors.test.ts > toWireDetails (StoreError camelCase -> §11.6 snake_case) > passes non-object details through unchanged 5ms
 ✓ |unit| test/errors.test.ts > toWireDetails (StoreError camelCase -> §11.6 snake_case) > does not mutate its input 0ms
(node:34519) MaxListenersExceededWarning: Possible EventEmitter memory leak detected. 17 unpipe listeners added to [SyncWriteStream]. MaxListeners is 14. Use emitter.setMaxListeners() to increase limit
(node:34519) MaxListenersExceededWarning: Possible EventEmitter memory leak detected. 17 error listeners added to [SyncWriteStream]. MaxListeners is 14. Use emitter.setMaxListeners() to increase limit
(node:34519) MaxListenersExceededWarning: Possible EventEmitter memory leak detected. 17 close listeners added to [SyncWriteStream]. MaxListeners is 14. Use emitter.setMaxListeners() to increase limit
(node:34519) MaxListenersExceededWarning: Possible EventEmitter memory leak detected. 17 finish listeners added to [SyncWriteStream]. MaxListeners is 14. Use emitter.setMaxListeners() to increase limit
(node:34519) MaxListenersExceededWarning: Possible EventEmitter memory leak detected. 17 unpipe listeners added to [SyncWriteStream]. MaxListeners is 14. Use emitter.setMaxListeners() to increase limit
(node:34519) MaxListenersExceededWarning: Possible EventEmitter memory leak detected. 17 error listeners added to [SyncWriteStream]. MaxListeners is 14. Use emitter.setMaxListeners() to increase limit
(node:34519) MaxListenersExceededWarning: Possible EventEmitter memory leak detected. 17 close listeners added to [SyncWriteStream]. MaxListeners is 14. Use emitter.setMaxListeners() to increase limit
(node:34519) MaxListenersExceededWarning: Possible EventEmitter memory leak detected. 17 finish listeners added to [SyncWriteStream]. MaxListeners is 14. Use emitter.setMaxListeners() to increase limit
 ✓ |unit| test/entry.test.ts > validateEntry accepts the valid-entry anchor cases > 016-spec-example-entry validates ok with exactly the expected canonical bytes 37ms
 ✓ |unit| test/entry.test.ts > validateEntry accepts the valid-entry anchor cases > 017-whitespace-padded-entry validates ok with exactly the expected canonical bytes 38ms
 ✓ |unit| test/entry.test.ts > validateEntry accepts the valid-entry anchor cases > 018-float-spelled-integers validates ok with exactly the expected canonical bytes 3ms
 ✓ |unit| test/entry.test.ts > validateEntry accepts the valid-entry anchor cases > 019-entry-v2-operation-id validates ok with exactly the expected canonical bytes 7ms
 ✓ |unit| test/entry.test.ts > cap-side discrimination > 017's raw input is itself over the 1 MiB cap (whitespace collapses) 3ms
 ✓ |unit| test/entry.test.ts > version-2 operation_id boundary and parsed-number semantics > accepts a non-empty operation_id of exactly 256 UTF-8 bytes 4ms
 ✓ |unit| test/entry.test.ts > version-2 operation_id boundary and parsed-number semantics > rejects string version 2 3ms
 ✓ |unit| test/entry.test.ts > invalid-entries corpus discovery > finds at least 36 invalid cases 1ms
 ✓ |unit| test/entry.test.ts > validateEntry rejects each invalid-entries vector with exact code and reason > 001-missing-version 2ms
 ✓ |unit| test/entry.test.ts > validateEntry rejects each invalid-entries vector with exact code and reason > 002-missing-log-id 2ms
 ✓ |unit| test/entry.test.ts > validateEntry rejects each invalid-entries vector with exact code and reason > 003-missing-entry-id 0ms
 ✓ |unit| test/entry.test.ts > validateEntry rejects each invalid-entries vector with exact code and reason > 004-missing-writer-id 2ms
 ✓ |unit| test/entry.test.ts > validateEntry rejects each invalid-entries vector with exact code and reason > 005-missing-writer-seq 1ms
 ✓ |unit| test/entry.test.ts > validateEntry rejects each invalid-entries vector with exact code and reason > 006-missing-created-at 0ms
 ✓ |unit| test/entry.test.ts > validateEntry rejects each invalid-entries vector with exact code and reason > 007-missing-body 0ms
 ✓ |unit| test/entry.test.ts > validateEntry rejects each invalid-entries vector with exact code and reason > 008-missing-prev-entry-id 0ms
 ✓ |unit| test/entry.test.ts > validateEntry rejects each invalid-entries vector with exact code and reason > 010-extra-top-level-field 3ms
 ✓ |unit| test/entry.test.ts > validateEntry rejects each invalid-entries vector with exact code and reason > 011-uppercase-log-id 1ms
 ✓ |unit| test/entry.test.ts > validateEntry rejects each invalid-entries vector with exact code and reason > 012-malformed-entry-id 0ms
 ✓ |unit| test/entry.test.ts > validateEntry rejects each invalid-entries vector with exact code and reason > 013-writer-seq-zero 2ms
 ✓ |unit| test/entry.test.ts > validateEntry rejects each invalid-entries vector with exact code and reason > 014-writer-seq-negative 1ms
 ✓ |unit| test/entry.test.ts > validateEntry rejects each invalid-entries vector with exact code and reason > 015-writer-seq-non-integer 0ms
 ✓ |unit| test/entry.test.ts > validateEntry rejects each invalid-entries vector with exact code and reason > 016-prev-not-null-at-seq-1 0ms
 ✓ |unit| test/entry.test.ts > validateEntry rejects each invalid-entries vector with exact code and reason > 017-prev-null-after-seq-1 0ms
 ✓ |unit| test/entry.test.ts > validateEntry rejects each invalid-entries vector with exact code and reason > 018-created-at-non-utc-offset 0ms
 ✓ |unit| test/entry.test.ts > validateEntry rejects each invalid-entries vector with exact code and reason > 019-created-at-not-rfc3339 0ms
 ✓ |unit| test/entry.test.ts > validateEntry rejects each invalid-entries vector with exact code and reason > 020-body-array 1ms
 ✓ |unit| test/entry.test.ts > validateEntry rejects each invalid-entries vector with exact code and reason > 021-body-string 0ms
 ✓ |unit| test/entry.test.ts > validateEntry rejects each invalid-entries vector with exact code and reason > 022-unsafe-integer-in-body 0ms
 ✓ |unit| test/entry.test.ts > validateEntry rejects each invalid-entries vector with exact code and reason > 023-non-finite-number 0ms
 ✓ |unit| test/entry.test.ts > validateEntry rejects each invalid-entries vector with exact code and reason > 024-lone-surrogate 0ms
 ✓ |unit| test/entry.test.ts > validateEntry rejects each invalid-entries vector with exact code and reason > 025-entry-too-large 123ms
 ✓ |unit| test/entry.test.ts > validateEntry rejects each invalid-entries vector with exact code and reason > 026-writer-id-malformed 4ms
 ✓ |unit| test/entry.test.ts > validateEntry rejects each invalid-entries vector with exact code and reason > 027-prev-entry-id-malformed 0ms
 ✓ |unit| test/entry.test.ts > validateEntry rejects each invalid-entries vector with exact code and reason > 028-created-at-calendar-invalid 3ms
 ✓ |unit| test/entry.test.ts > validateEntry rejects each invalid-entries vector with exact code and reason > 029-created-at-leap-second 0ms
 ✓ |unit| test/entry.test.ts > validateEntry rejects each invalid-entries vector with exact code and reason > 030-writer-seq-1e30 3ms
 ✓ |unit| test/entry.test.ts > validateEntry rejects each invalid-entries vector with exact code and reason > 031-v1-operation-id 0ms
 ✓ |unit| test/entry.test.ts > validateEntry rejects each invalid-entries vector with exact code and reason > 032-v2-operation-id-empty 0ms
 ✓ |unit| test/entry.test.ts > validateEntry rejects each invalid-entries vector with exact code and reason > 033-v2-operation-id-non-string 0ms
 ✓ |unit| test/entry.test.ts > validateEntry rejects each invalid-entries vector with exact code and reason > 034-v2-operation-id-over-256-bytes 0ms
 ✓ |unit| test/entry.test.ts > validateEntry rejects each invalid-entries vector with exact code and reason > 035-version-3 0ms
 ✓ |unit| test/entry.test.ts > validateEntry rejects each invalid-entries vector with exact code and reason > 036-v2-extra-top-level-field 5ms
 ✓ |unit| test/entry.test.ts > validateEntry rejects each invalid-entries vector with exact code and reason > 037-v2-missing-operation-id 2ms
 ✓ |unit| test/realm/boundary.test.ts > realm semantic boundary > the realm import graph cannot reach workalike semantic modules 9ms
 ✓ |unit| test/realm/boundary.test.ts > realm semantic boundary > the scanner rejects an empty realm subtree 5ms
 ✓ |unit| test/jcs.test.ts > corpus discovery > finds at least 15 pass-gate cases (corpus is non-empty) 23ms
 ✓ |unit| test/jcs.test.ts > corpus discovery > finds at least one deliberate-mismatch (9xx) case 0ms
 ✓ |unit| test/jcs.test.ts > canonicalize matches shared vectors > 001-rfc-worked-example 13ms
 ✓ |unit| test/jcs.test.ts > canonicalize matches shared vectors > 002-rfc-sort-order 1ms
 ✓ |unit| test/jcs.test.ts > canonicalize matches shared vectors > 003-sort-basic-ascii 0ms
 ✓ |unit| test/jcs.test.ts > canonicalize matches shared vectors > 004-sort-astral-before-e000 2ms
 ✓ |unit| test/jcs.test.ts > canonicalize matches shared vectors > 005-sort-nested-recursive 0ms
 ✓ |unit| test/jcs.test.ts > canonicalize matches shared vectors > 006-escape-two-char 1ms
 ✓ |unit| test/jcs.test.ts > canonicalize matches shared vectors > 007-escape-u00xx-control 0ms
 ✓ |unit| test/jcs.test.ts > canonicalize matches shared vectors > 008-string-unicode-literal 0ms
 ✓ |unit| test/jcs.test.ts > canonicalize matches shared vectors > 009-num-1e20 0ms
 ✓ |unit| test/jcs.test.ts > canonicalize matches shared vectors > 010-num-1e21 1ms
 ✓ |unit| test/jcs.test.ts > canonicalize matches shared vectors > 011-num-1e-6 10ms
 ✓ |unit| test/jcs.test.ts > canonicalize matches shared vectors > 012-num-0.000001 1ms
 ✓ |unit| test/jcs.test.ts > canonicalize matches shared vectors > 013-num-1e-7 0ms
 ✓ |unit| test/jcs.test.ts > canonicalize matches shared vectors > 014-num-minus-zero 0ms
 ✓ |unit| test/jcs.test.ts > canonicalize matches shared vectors > 015-num-max-safe-int 0ms
 ✓ |unit| test/jcs.test.ts > canonicalize matches shared vectors > 016-spec-example-entry 0ms
 ✓ |unit| test/jcs.test.ts > canonicalize matches shared vectors > 017-whitespace-padded-entry 14ms
 ✓ |unit| test/jcs.test.ts > canonicalize matches shared vectors > 018-float-spelled-integers 0ms
 ✓ |unit| test/jcs.test.ts > canonicalize matches shared vectors > 019-entry-v2-operation-id 0ms
 ✓ |unit| test/jcs.test.ts > deliberate-mismatch (9xx) cases must NOT match correct output > 999-deliberate-mismatch 2ms
 ✓ |unit| test/merge-plan.test.ts > planMerge classifies batches per spec §9.3 > 'fresh writer NOT starting at 1 → writ…' 29ms
 ✓ |unit| test/merge-plan.test.ts > planMerge classifies batches per spec §9.3 > 'batch wholly at/below tip and byte-eq…' 33ms
 ✓ |unit| test/merge-plan.test.ts > planMerge classifies batches per spec §9.3 > anti-vacuity: the table has at least 14 rows 36ms
 ✓ |unit| test/merge-plan.test.ts > planMerge classifies batches per spec §9.3 > 'extension at tip+1 naming the tip in …' 59ms
 ✓ |unit| test/merge-plan.test.ts > planMerge classifies batches per spec §9.3 > 'partially duplicate batch: present pr…' 3ms
 ✓ |unit| test/merge-plan.test.ts > planMerge classifies batches per spec §9.3 > 'empty batch is ok with zero plans (§9…' 30ms
 ✓ |unit| test/merge-plan.test.ts > planMerge classifies batches per spec §9.3 > 'extension at tip+1 with wrong prev_en…' 15ms
 ✓ |unit| test/merge-plan.test.ts > planMerge classifies batches per spec §9.3 > 'first new entry beyond tip+1 → writer…' 12ms
 ✓ |unit| test/merge-plan.test.ts > planMerge classifies batches per spec §9.3 > 'fresh writer starting at seq 1 with c…' 20ms
 ✓ |unit| test/merge-plan.test.ts > planMerge classifies batches per spec §9.3 > 'different bytes at an occupied coordi…' 2ms
 ✓ |unit| test/merge-plan.test.ts > planMerge classifies batches per spec §9.3 > 'existing entry_id with different cano…' 0ms
 ✓ |unit| test/merge-plan.test.ts > planMerge classifies batches per spec §9.3 > 'same entry_id at the SAME coordinate …' 1ms
 ✓ |unit| test/merge-plan.test.ts > planMerge classifies batches per spec §9.3 > 'same entry_id, same bytes, same coord…' 1ms
 ✓ |unit| test/merge-plan.test.ts > planMerge classifies batches per spec §9.3 > 'intra-batch sequence hole after a val…' 0ms
 ✓ |unit| test/merge-plan.test.ts > planMerge classifies batches per spec §9.3 > 'intra-batch prev_entry_id not naming …' 1ms
 ✓ |unit| test/merge-plan.test.ts > planMerge classifies batches per spec §9.3 > 'intra-batch entry_id reused at differ…' 1ms
 ✓ |unit| test/merge-plan.test.ts > planMerge classifies batches per spec §9.3 > 'intra-batch duplicate coordinate with…' 0ms
 ✓ |unit| test/merge-plan.test.ts > planMerge classifies batches per spec §9.3 > 'exact duplicate entry within one batc…' 0ms
 ✓ |unit| test/merge-plan.test.ts > planMerge classifies batches per spec §9.3 > 'multi-writer batch where one writer f…' 0ms
 ✓ |unit| test/merge-plan.test.ts > planMerge classifies batches per spec §9.3 > 'multi-writer all-valid batch → one pl…' 2ms
 ✓ |unit| test/merge-plan.test.ts > planMerge classifies batches per spec §9.3 > batch order does not matter: shuffled input classifies identically (§9.3 rule 1) 4ms
 ✓ |unit| test/realm/capacity.test.ts > RealmNode container capacity mapping > maps the platform's actual shape: a resolved 500 Response carrying the message 96ms
 ✓ |unit| test/realm/capacity.test.ts > RealmNode container capacity mapping > maps the platform capacity start failure to realm_capacity 401ms
 ✓ |unit| test/realm/capacity.test.ts > RealmNode container capacity mapping > passes an unrelated 500 Response through with its body intact 19ms
 ✓ |unit| test/realm/capacity.test.ts > RealmNode container capacity mapping > lets unrelated container errors propagate 7ms
Sourcemap for "/home/jes/codex-realm-arms/worker/node_modules/@cloudflare/containers/dist/index.js" points to missing source files
Sourcemap for "/home/jes/codex-realm-arms/worker/node_modules/@cloudflare/containers/dist/lib/container.js" points to missing source files
Sourcemap for "/home/jes/codex-realm-arms/worker/node_modules/@cloudflare/containers/dist/lib/helpers.js" points to missing source files
Sourcemap for "/home/jes/codex-realm-arms/worker/node_modules/@cloudflare/containers/dist/lib/utils.js" points to missing source files
A header value for "MF-Vitest-Source" contains non-ASCII characters: "test/do/store.test.ts's suite "createLog (§9.1)"" (raw bytes: "\x74\x65\x73\x74\x2f\x64\x6f\x2f\x73\x74\x6f\x72\x65\x2e\x74\x65\x73\x74\x2e\x74\x73\x27\x73\x20\x73\x75\x69\x74\x65\x20\x22\x63\x72\x65\x61\x74\x65\x4c\x6f\x67\x20\x28\xc2\xa7\x39\x2e\x31\x29\x22"). As a quirk to support Unicode, we are encoding values as UTF-8 in the header, but in a browser this would likely result in a TypeError exception. Consider encoding this string in ASCII for compatibility with browser implementations of the Fetch specification.
A header value for "MF-Vitest-Source" contains non-ASCII characters: "test/do/reads.test.ts's suite "frontier (§9.4)"" (raw bytes: "\x74\x65\x73\x74\x2f\x64\x6f\x2f\x72\x65\x61\x64\x73\x2e\x74\x65\x73\x74\x2e\x74\x73\x27\x73\x20\x73\x75\x69\x74\x65\x20\x22\x66\x72\x6f\x6e\x74\x69\x65\x72\x20\x28\xc2\xa7\x39\x2e\x34\x29\x22"). As a quirk to support Unicode, we are encoding values as UTF-8 in the header, but in a browser this would likely result in a TypeError exception. Consider encoding this string in ASCII for compatibility with browser implementations of the Fetch specification.
A header value for "MF-Vitest-Source" contains non-ASCII characters: "test/do/merge.test.ts's suite "mergeEntries (§12.1 / §9.3)"" (raw bytes: "\x74\x65\x73\x74\x2f\x64\x6f\x2f\x6d\x65\x72\x67\x65\x2e\x74\x65\x73\x74\x2e\x74\x73\x27\x73\x20\x73\x75\x69\x74\x65\x20\x22\x6d\x65\x72\x67\x65\x45\x6e\x74\x72\x69\x65\x73\x20\x28\xc2\xa7\x31\x32\x2e\x31\x20\x2f\x20\xc2\xa7\x39\x2e\x33\x29\x22"). As a quirk to support Unicode, we are encoding values as UTF-8 in the header, but in a browser this would likely result in a TypeError exception. Consider encoding this string in ASCII for compatibility with browser implementations of the Fetch specification.
A header value for "MF-Vitest-Source" contains non-ASCII characters: "test/do/schema.test.ts's suite "§12 schema DDL fidelity gate (copy, don't retype)"" (raw bytes: "\x74\x65\x73\x74\x2f\x64\x6f\x2f\x73\x63\x68\x65\x6d\x61\x2e\x74\x65\x73\x74\x2e\x74\x73\x27\x73\x20\x73\x75\x69\x74\x65\x20\x22\xc2\xa7\x31\x32\x20\x73\x63\x68\x65\x6d\x61\x20\x44\x44\x4c\x20\x66\x69\x64\x65\x6c\x69\x74\x79\x20\x67\x61\x74\x65\x20\x28\x63\x6f\x70\x79\x2c\x20\x64\x6f\x6e\x27\x74\x20\x72\x65\x74\x79\x70\x65\x29\x22"). As a quirk to support Unicode, we are encoding values as UTF-8 in the header, but in a browser this would likely result in a TypeError exception. Consider encoding this string in ASCII for compatibility with browser implementations of the Fetch specification.
A header value for "MF-Vitest-Source" contains non-ASCII characters: "test/do/http.test.ts's suite "PUT /v1/logs/{log_id} (§11.1)"" (raw bytes: "\x74\x65\x73\x74\x2f\x64\x6f\x2f\x68\x74\x74\x70\x2e\x74\x65\x73\x74\x2e\x74\x73\x27\x73\x20\x73\x75\x69\x74\x65\x20\x22\x50\x55\x54\x20\x2f\x76\x31\x2f\x6c\x6f\x67\x73\x2f\x7b\x6c\x6f\x67\x5f\x69\x64\x7d\x20\x28\xc2\xa7\x31\x31\x2e\x31\x29\x22"). As a quirk to support Unicode, we are encoding values as UTF-8 in the header, but in a browser this would likely result in a TypeError exception. Consider encoding this string in ASCII for compatibility with browser implementations of the Fetch specification.
A header value for "MF-Vitest-Source" contains non-ASCII characters: "test/do/schema.test.ts's test "SCHEMA_DDL contains each of the four §12 statements exactly"" (raw bytes: "\x74\x65\x73\x74\x2f\x64\x6f\x2f\x73\x63\x68\x65\x6d\x61\x2e\x74\x65\x73\x74\x2e\x74\x73\x27\x73\x20\x74\x65\x73\x74\x20\x22\x53\x43\x48\x45\x4d\x41\x5f\x44\x44\x4c\x20\x63\x6f\x6e\x74\x61\x69\x6e\x73\x20\x65\x61\x63\x68\x20\x6f\x66\x20\x74\x68\x65\x20\x66\x6f\x75\x72\x20\xc2\xa7\x31\x32\x20\x73\x74\x61\x74\x65\x6d\x65\x6e\x74\x73\x20\x65\x78\x61\x63\x74\x6c\x79\x22"). As a quirk to support Unicode, we are encoding values as UTF-8 in the header, but in a browser this would likely result in a TypeError exception. Consider encoding this string in ASCII for compatibility with browser implementations of the Fetch specification.
A header value for "MF-Vitest-Source" contains non-ASCII characters: "test/do/schema.test.ts's test "SCHEMA_DDL contains each of the four §12 statements exactly"" (raw bytes: "\x74\x65\x73\x74\x2f\x64\x6f\x2f\x73\x63\x68\x65\x6d\x61\x2e\x74\x65\x73\x74\x2e\x74\x73\x27\x73\x20\x74\x65\x73\x74\x20\x22\x53\x43\x48\x45\x4d\x41\x5f\x44\x44\x4c\x20\x63\x6f\x6e\x74\x61\x69\x6e\x73\x20\x65\x61\x63\x68\x20\x6f\x66\x20\x74\x68\x65\x20\x66\x6f\x75\x72\x20\xc2\xa7\x31\x32\x20\x73\x74\x61\x74\x65\x6d\x65\x6e\x74\x73\x20\x65\x78\x61\x63\x74\x6c\x79\x22"). As a quirk to support Unicode, we are encoding values as UTF-8 in the header, but in a browser this would likely result in a TypeError exception. Consider encoding this string in ASCII for compatibility with browser implementations of the Fetch specification.
 ✓ |do| test/realm/store.workers.test.ts > realm store > creates many idempotent logs in one database 281ms
 ✓ |do| test/realm/schema.workers.test.ts > realm section 7.2 schema on real DO SQLite > keeps the illustrative section 7.2 DDL byte-for-byte 174ms
 ✓ |do| test/do/smoke.test.ts > workers-pool smoke > executes `select 1` against real DO SQLite storage 291ms
 ✓ |do| test/do/schema.test.ts > §12 schema DDL fidelity gate (copy, don't retype) > SCHEMA_DDL contains each of the four §12 statements exactly 203ms
 ✓ |do| test/realm/registry.workers.test.ts > BACKUP-1b-i realm registry > I1: create registers the realm, and the stored value is a WORKING read capability 326ms
A header value for "MF-Vitest-Source" contains non-ASCII characters: "test/do/schema.test.ts's test "SCHEMA_DDL equals the whole §12 block — no fifth statement can hide"" (raw bytes: "\x74\x65\x73\x74\x2f\x64\x6f\x2f\x73\x63\x68\x65\x6d\x61\x2e\x74\x65\x73\x74\x2e\x74\x73\x27\x73\x20\x74\x65\x73\x74\x20\x22\x53\x43\x48\x45\x4d\x41\x5f\x44\x44\x4c\x20\x65\x71\x75\x61\x6c\x73\x20\x74\x68\x65\x20\x77\x68\x6f\x6c\x65\x20\xc2\xa7\x31\x32\x20\x62\x6c\x6f\x63\x6b\x20\xe2\x80\x94\x20\x6e\x6f\x20\x66\x69\x66\x74\x68\x20\x73\x74\x61\x74\x65\x6d\x65\x6e\x74\x20\x63\x61\x6e\x20\x68\x69\x64\x65\x22"). As a quirk to support Unicode, we are encoding values as UTF-8 in the header, but in a browser this would likely result in a TypeError exception. Consider encoding this string in ASCII for compatibility with browser implementations of the Fetch specification.
 ✓ |do| test/realm/ingress.workers.test.ts > realm ingress > serves GET / unauthenticated 351ms
 ✓ |do| test/do/reads.test.ts > frontier (§9.4) > before createLog fails with log_not_found 339ms
A header value for "MF-Vitest-Source" contains non-ASCII characters: "test/do/schema.test.ts's test "SCHEMA_DDL equals the whole §12 block — no fifth statement can hide"" (raw bytes: "\x74\x65\x73\x74\x2f\x64\x6f\x2f\x73\x63\x68\x65\x6d\x61\x2e\x74\x65\x73\x74\x2e\x74\x73\x27\x73\x20\x74\x65\x73\x74\x20\x22\x53\x43\x48\x45\x4d\x41\x5f\x44\x44\x4c\x20\x65\x71\x75\x61\x6c\x73\x20\x74\x68\x65\x20\x77\x68\x6f\x6c\x65\x20\xc2\xa7\x31\x32\x20\x62\x6c\x6f\x63\x6b\x20\xe2\x80\x94\x20\x6e\x6f\x20\x66\x69\x66\x74\x68\x20\x73\x74\x61\x74\x65\x6d\x65\x6e\x74\x20\x63\x61\x6e\x20\x68\x69\x64\x65\x22"). As a quirk to support Unicode, we are encoding values as UTF-8 in the header, but in a browser this would likely result in a TypeError exception. Consider encoding this string in ASCII for compatibility with browser implementations of the Fetch specification.
 ✓ |do| test/do/store.test.ts > createLog (§9.1) > creates the log_meta singleton row with the log_id and format_version 1 381ms
 ✓ |do| test/realm/delete_all.workers.test.ts > REALM-REMOVE-1a: does deleteAll() drop SQL, not just key-value? > D1 removes the realm: a write capability that authorised before reads not_found after 407ms
 ✓ |do| test/realm/schema.workers.test.ts > realm section 7.2 schema on real DO SQLite > creates all STRICT tables, both indexes, the epoch, and additive triggers 348ms
 ✓ |do| test/do/http.test.ts > PUT /v1/logs/{log_id} (§11.1) > returns 200 with application/json on first create 328ms
 ✓ |do| test/do/merge.test.ts > mergeEntries (§12.1 / §9.3) > before createLog fails with log_not_found 353ms
A header value for "MF-Vitest-Source" contains non-ASCII characters: "test/do/conformance.test.ts's suite "§18 conformance (items 1–12)"" (raw bytes: "\x74\x65\x73\x74\x2f\x64\x6f\x2f\x63\x6f\x6e\x66\x6f\x72\x6d\x61\x6e\x63\x65\x2e\x74\x65\x73\x74\x2e\x74\x73\x27\x73\x20\x73\x75\x69\x74\x65\x20\x22\xc2\xa7\x31\x38\x20\x63\x6f\x6e\x66\x6f\x72\x6d\x61\x6e\x63\x65\x20\x28\x69\x74\x65\x6d\x73\x20\x31\xe2\x80\x93\x31\x32\x29\x22"). As a quirk to support Unicode, we are encoding values as UTF-8 in the header, but in a browser this would likely result in a TypeError exception. Consider encoding this string in ASCII for compatibility with browser implementations of the Fetch specification.
 ✓ |do| test/realm/store.workers.test.ts > realm store > reads never create: all stored SQLite state is byte-for-byte unchanged 332ms
 ✓ |do| test/do/schema.test.ts > §12 schema DDL fidelity gate (copy, don't retype) > SCHEMA_DDL equals the whole §12 block — no fifth statement can hide 263ms
A header value for "MF-Vitest-Source" contains non-ASCII characters: "test/do/conformance.test.ts's test "§18.1 repeating one append produces one stored entry"" (raw bytes: "\x74\x65\x73\x74\x2f\x64\x6f\x2f\x63\x6f\x6e\x66\x6f\x72\x6d\x61\x6e\x63\x65\x2e\x74\x65\x73\x74\x2e\x74\x73\x27\x73\x20\x74\x65\x73\x74\x20\x22\xc2\xa7\x31\x38\x2e\x31\x20\x72\x65\x70\x65\x61\x74\x69\x6e\x67\x20\x6f\x6e\x65\x20\x61\x70\x70\x65\x6e\x64\x20\x70\x72\x6f\x64\x75\x63\x65\x73\x20\x6f\x6e\x65\x20\x73\x74\x6f\x72\x65\x64\x20\x65\x6e\x74\x72\x79\x22"). As a quirk to support Unicode, we are encoding values as UTF-8 in the header, but in a browser this would likely result in a TypeError exception. Consider encoding this string in ASCII for compatibility with browser implementations of the Fetch specification.
 ✓ |do| test/realm/registry.workers.test.ts > BACKUP-1b-i realm registry > I2: the capability is NEVER returned over the wire 332ms
 ✓ |do| test/realm/http.workers.test.ts > RealmContainer HTTP contract > creates a realm once, stores only its hash, and refuses public unauthenticated store access 675ms
 ✓ |do| test/do/reads.test.ts > frontier (§9.4) > empty log -> [] (writers with no entries are omitted) 354ms
 ✓ |do| test/do/store.test.ts > createLog (§9.1) > is idempotent: calling twice with the same log_id leaves exactly one row 337ms
 ✓ |do| test/realm/delete_all.workers.test.ts > REALM-REMOVE-1a: does deleteAll() drop SQL, not just key-value? > D2 drops the SQL TABLE itself, not merely its rows 349ms
 ✓ |do| test/realm/read_capability.workers.test.ts > STORE-3b read capability > R1: every WRITE route refuses the read capability and admits the write secret 348ms
 ✓ |do| test/realm/schema.workers.test.ts > realm section 7.2 schema on real DO SQLite > is idempotent 340ms
 ✓ |do| test/do/merge.test.ts > mergeEntries (§12.1 / §9.3) > fresh-writer batch inserts all entries with exact canonical bytes and correct frontier 328ms
 ✓ |do| test/do/http.test.ts > PUT /v1/logs/{log_id} (§11.1) > returns 200 again when the log already exists (idempotent) 377ms
 ✓ |do| test/realm/store.workers.test.ts > realm store > takes monotonically increasing writer leases 319ms
 ✓ |do| test/do/schema.test.ts > §12 schema DDL fidelity gate (copy, don't retype) > control: a deliberately perturbed statement does NOT match (the gate can fire) 276ms
A header value for "MF-Vitest-Source" contains non-ASCII characters: "test/do/schema.test.ts's suite "§12 schema DDL fidelity gate (copy, don't retype)"" (raw bytes: "\x74\x65\x73\x74\x2f\x64\x6f\x2f\x73\x63\x68\x65\x6d\x61\x2e\x74\x65\x73\x74\x2e\x74\x73\x27\x73\x20\x73\x75\x69\x74\x65\x20\x22\xc2\xa7\x31\x32\x20\x73\x63\x68\x65\x6d\x61\x20\x44\x44\x4c\x20\x66\x69\x64\x65\x6c\x69\x74\x79\x20\x67\x61\x74\x65\x20\x28\x63\x6f\x70\x79\x2c\x20\x64\x6f\x6e\x27\x74\x20\x72\x65\x74\x79\x70\x65\x29\x22"). As a quirk to support Unicode, we are encoding values as UTF-8 in the header, but in a browser this would likely result in a TypeError exception. Consider encoding this string in ASCII for compatibility with browser implementations of the Fetch specification.
 ✓ |do| test/realm/registry.workers.test.ts > BACKUP-1b-i realm registry > I3: an unbound registry REFUSES, and creates nothing 320ms
stdout | test/realm/realm_remove.workers.test.ts > REALM-REMOVE-1b > R1: gateway create and entry write, positive frontier, removal, same-capability not_found
R1 CONTROL entry commit=200 frontier=200 writers=1

 ✓ |do| test/do/reads.test.ts > frontier (§9.4) > three writers appended out of lexicographic order -> sorted by writerId 320ms
 ✓ |do| test/do/store.test.ts > createLog (§9.1) > rejects a DIFFERENT log_id on the same instance with log_mismatch 306ms
 ✓ |do| test/realm/read_capability.workers.test.ts > STORE-3b read capability > R2: the read capability reaches every READ route, and cannot reach the mint route 300ms
 ✓ |do| test/realm/schema.workers.test.ts > realm section 7.2 schema on real DO SQLite > idempotently migrates an existing pre-writer-column database without changing its rows 296ms
 ✓ |do| test/realm/delete_all.workers.test.ts > REALM-REMOVE-1a: does deleteAll() drop SQL, not just key-value? > D3 is not a mock: the same object is usable again afterwards, so removal is not corruption 301ms
 ✓ |do| test/realm/http.workers.test.ts > RealmContainer HTTP contract > returns 404 for every public route before realm creation 373ms
 ✓ |do| test/do/merge.test.ts > mergeEntries (§12.1 / §9.3) > lanes may mix v1/v2 and operation_id is persisted but not uniqueness-enforced 297ms
A header value for "MF-Vitest-Source" contains non-ASCII characters: "test/do/merge.test.ts's test "frontier lists ALL writers sorted by writerId even when inserted out of order (§9.4)"" (raw bytes: "\x74\x65\x73\x74\x2f\x64\x6f\x2f\x6d\x65\x72\x67\x65\x2e\x74\x65\x73\x74\x2e\x74\x73\x27\x73\x20\x74\x65\x73\x74\x20\x22\x66\x72\x6f\x6e\x74\x69\x65\x72\x20\x6c\x69\x73\x74\x73\x20\x41\x4c\x4c\x20\x77\x72\x69\x74\x65\x72\x73\x20\x73\x6f\x72\x74\x65\x64\x20\x62\x79\x20\x77\x72\x69\x74\x65\x72\x49\x64\x20\x65\x76\x65\x6e\x20\x77\x68\x65\x6e\x20\x69\x6e\x73\x65\x72\x74\x65\x64\x20\x6f\x75\x74\x20\x6f\x66\x20\x6f\x72\x64\x65\x72\x20\x28\xc2\xa7\x39\x2e\x34\x29\x22"). As a quirk to support Unicode, we are encoding values as UTF-8 in the header, but in a browser this would likely result in a TypeError exception. Consider encoding this string in ASCII for compatibility with browser implementations of the Fetch specification.
 ✓ |do| test/do/http.test.ts > PUT /v1/logs/{log_id} (§11.1) > malformed JSON body -> 400 invalid_json 276ms
A header value for "MF-Vitest-Source" contains non-ASCII characters: "test/do/conformance.test.ts's test "§18.1 repeating one append produces one stored entry"" (raw bytes: "\x74\x65\x73\x74\x2f\x64\x6f\x2f\x63\x6f\x6e\x66\x6f\x72\x6d\x61\x6e\x63\x65\x2e\x74\x65\x73\x74\x2e\x74\x73\x27\x73\x20\x74\x65\x73\x74\x20\x22\xc2\xa7\x31\x38\x2e\x31\x20\x72\x65\x70\x65\x61\x74\x69\x6e\x67\x20\x6f\x6e\x65\x20\x61\x70\x70\x65\x6e\x64\x20\x70\x72\x6f\x64\x75\x63\x65\x73\x20\x6f\x6e\x65\x20\x73\x74\x6f\x72\x65\x64\x20\x65\x6e\x74\x72\x79\x22"). As a quirk to support Unicode, we are encoding values as UTF-8 in the header, but in a browser this would likely result in a TypeError exception. Consider encoding this string in ASCII for compatibility with browser implementations of the Fetch specification.
 ✓ |do| test/realm/store.workers.test.ts > realm store > current revision commits atomically and stale_revision writes nothing 264ms
 ✓ |do| test/realm/ingress.workers.test.ts > realm ingress > creates once with and without a location hint and returns the secret only once 726ms
workerd/io/io-context.c++:435: info: uncaught exception; exception = workerd/api/global-scope.c++:46: failed: jsg.TypeError: Can't read from request stream after response has been sent.
stack: /home/jes/codex-realm-arms/worker/node_modules/@cloudflare/workerd-linux-64/bin/workerd@1f2e6b0 /home/jes/codex-realm-arms/worker/node_modules/@cloudflare/workerd-linux-64/bin/workerd@2d78ab4 /home/jes/codex-realm-arms/worker/node_modules/@cloudflare/workerd-linux-64/bin/workerd@2d78b58
A header value for "MF-Vitest-Source" contains non-ASCII characters: "test/do/merge.test.ts's test "frontier lists ALL writers sorted by writerId even when inserted out of order (§9.4)"" (raw bytes: "\x74\x65\x73\x74\x2f\x64\x6f\x2f\x6d\x65\x72\x67\x65\x2e\x74\x65\x73\x74\x2e\x74\x73\x27\x73\x20\x74\x65\x73\x74\x20\x22\x66\x72\x6f\x6e\x74\x69\x65\x72\x20\x6c\x69\x73\x74\x73\x20\x41\x4c\x4c\x20\x77\x72\x69\x74\x65\x72\x73\x20\x73\x6f\x72\x74\x65\x64\x20\x62\x79\x20\x77\x72\x69\x74\x65\x72\x49\x64\x20\x65\x76\x65\x6e\x20\x77\x68\x65\x6e\x20\x69\x6e\x73\x65\x72\x74\x65\x64\x20\x6f\x75\x74\x20\x6f\x66\x20\x6f\x72\x64\x65\x72\x20\x28\xc2\xa7\x39\x2e\x34\x29\x22"). As a quirk to support Unicode, we are encoding values as UTF-8 in the header, but in a browser this would likely result in a TypeError exception. Consider encoding this string in ASCII for compatibility with browser implementations of the Fetch specification.
stdout | test/realm/realm_remove.workers.test.ts > REALM-REMOVE-1b > R1: gateway create and entry write, positive frontier, removal, same-capability not_found
R1 RESULT delete=204 same-write frontier=404

 ✓ |do| test/do/conformance.test.ts > §18 conformance (items 1–12) > §18.1 repeating one append produces one stored entry 611ms
 ✓ |do| test/realm/registry.workers.test.ts > BACKUP-1b-i realm registry > I3b: the development lever admits the unbound registry, and says so by name 226ms
A header value for "MF-Vitest-Source" contains non-ASCII characters: "test/do/conformance.test.ts's test "§18.2 retrying after a simulated lost acknowledgement is idempotent"" (raw bytes: "\x74\x65\x73\x74\x2f\x64\x6f\x2f\x63\x6f\x6e\x66\x6f\x72\x6d\x61\x6e\x63\x65\x2e\x74\x65\x73\x74\x2e\x74\x73\x27\x73\x20\x74\x65\x73\x74\x20\x22\xc2\xa7\x31\x38\x2e\x32\x20\x72\x65\x74\x72\x79\x69\x6e\x67\x20\x61\x66\x74\x65\x72\x20\x61\x20\x73\x69\x6d\x75\x6c\x61\x74\x65\x64\x20\x6c\x6f\x73\x74\x20\x61\x63\x6b\x6e\x6f\x77\x6c\x65\x64\x67\x65\x6d\x65\x6e\x74\x20\x69\x73\x20\x69\x64\x65\x6d\x70\x6f\x74\x65\x6e\x74\x22"). As a quirk to support Unicode, we are encoding values as UTF-8 in the header, but in a browser this would likely result in a TypeError exception. Consider encoding this string in ASCII for compatibility with browser implementations of the Fetch specification.
 ✓ |do| test/realm/realm_remove.workers.test.ts > REALM-REMOVE-1b > R1: gateway create and entry write, positive frontier, removal, same-capability not_found 992ms
 ✓ |do| test/realm/schema.workers.test.ts > realm section 7.2 schema on real DO SQLite > immutability UPDATE and DELETE errors have the observed workerd spelling 214ms
 ✓ |do| test/do/store.test.ts > createLog (§9.1) > rejects reuse of the physical store by a FRESH instance with a different log_id 229ms
 ✓ |do| test/do/http.test.ts > PUT /v1/logs/{log_id} (§11.1) > body without version 1 -> 422 invalid_entry with a reason detail 207ms
A header value for "MF-Vitest-Source" contains non-ASCII characters: "test/do/http.test.ts's suite "PUT /v1/logs/{log_id} (§11.1)"" (raw bytes: "\x74\x65\x73\x74\x2f\x64\x6f\x2f\x68\x74\x74\x70\x2e\x74\x65\x73\x74\x2e\x74\x73\x27\x73\x20\x73\x75\x69\x74\x65\x20\x22\x50\x55\x54\x20\x2f\x76\x31\x2f\x6c\x6f\x67\x73\x2f\x7b\x6c\x6f\x67\x5f\x69\x64\x7d\x20\x28\xc2\xa7\x31\x31\x2e\x31\x29\x22"). As a quirk to support Unicode, we are encoding values as UTF-8 in the header, but in a browser this would likely result in a TypeError exception. Consider encoding this string in ASCII for compatibility with browser implementations of the Fetch specification.
A header value for "MF-Vitest-Source" contains non-ASCII characters: "test/do/store.test.ts's suite "createLog (§9.1)"" (raw bytes: "\x74\x65\x73\x74\x2f\x64\x6f\x2f\x73\x74\x6f\x72\x65\x2e\x74\x65\x73\x74\x2e\x74\x73\x27\x73\x20\x73\x75\x69\x74\x65\x20\x22\x63\x72\x65\x61\x74\x65\x4c\x6f\x67\x20\x28\xc2\xa7\x39\x2e\x31\x29\x22"). As a quirk to support Unicode, we are encoding values as UTF-8 in the header, but in a browser this would likely result in a TypeError exception. Consider encoding this string in ASCII for compatibility with browser implementations of the Fetch specification.
 ✓ |do| test/realm/store.workers.test.ts > realm store > obsolete_epoch is distinct from stale_revision and writes nothing 236ms
 ✓ |do| test/do/merge.test.ts > mergeEntries (§12.1 / §9.3) > frontier lists ALL writers sorted by writerId even when inserted out of order (§9.4) 206ms
 ✓ |do| test/do/reads.test.ts > frontier (§9.4) > each writer appears ONCE with its TIP entry, not its first entry 236ms
 ✓ |do| test/do/schema.test.ts > initSchema > creates the three STRICT tables and the entries_by_writer index (verified via sqlite_master) 233ms
 ✓ |do| test/realm/read_capability.workers.test.ts > STORE-3b read capability > R3: mint is single-use until revoked, and a revoked capability stops authorising 220ms
A header value for "MF-Vitest-Source" contains non-ASCII characters: "test/do/http.test.ts's suite "DO name <-> log_id verification (§13.1)"" (raw bytes: "\x74\x65\x73\x74\x2f\x64\x6f\x2f\x68\x74\x74\x70\x2e\x74\x65\x73\x74\x2e\x74\x73\x27\x73\x20\x73\x75\x69\x74\x65\x20\x22\x44\x4f\x20\x6e\x61\x6d\x65\x20\x3c\x2d\x3e\x20\x6c\x6f\x67\x5f\x69\x64\x20\x76\x65\x72\x69\x66\x69\x63\x61\x74\x69\x6f\x6e\x20\x28\xc2\xa7\x31\x33\x2e\x31\x29\x22"). As a quirk to support Unicode, we are encoding values as UTF-8 in the header, but in a browser this would likely result in a TypeError exception. Consider encoding this string in ASCII for compatibility with browser implementations of the Fetch specification.
A header value for "MF-Vitest-Source" contains non-ASCII characters: "test/do/store.test.ts's suite "append (§9.2)"" (raw bytes: "\x74\x65\x73\x74\x2f\x64\x6f\x2f\x73\x74\x6f\x72\x65\x2e\x74\x65\x73\x74\x2e\x74\x73\x27\x73\x20\x73\x75\x69\x74\x65\x20\x22\x61\x70\x70\x65\x6e\x64\x20\x28\xc2\xa7\x39\x2e\x32\x29\x22"). As a quirk to support Unicode, we are encoding values as UTF-8 in the header, but in a browser this would likely result in a TypeError exception. Consider encoding this string in ASCII for compatibility with browser implementations of the Fetch specification.
 ✓ |do| test/realm/ingress.workers.test.ts > realm ingress > rejects invalid create bodies and location hints with 400 345ms
A header value for "MF-Vitest-Source" contains non-ASCII characters: "test/do/merge.test.ts's test "re-sending an identical batch is a no-op: inserted 0, present n, state unchanged (§8 inv 9)"" (raw bytes: "\x74\x65\x73\x74\x2f\x64\x6f\x2f\x6d\x65\x72\x67\x65\x2e\x74\x65\x73\x74\x2e\x74\x73\x27\x73\x20\x74\x65\x73\x74\x20\x22\x72\x65\x2d\x73\x65\x6e\x64\x69\x6e\x67\x20\x61\x6e\x20\x69\x64\x65\x6e\x74\x69\x63\x61\x6c\x20\x62\x61\x74\x63\x68\x20\x69\x73\x20\x61\x20\x6e\x6f\x2d\x6f\x70\x3a\x20\x69\x6e\x73\x65\x72\x74\x65\x64\x20\x30\x2c\x20\x70\x72\x65\x73\x65\x6e\x74\x20\x6e\x2c\x20\x73\x74\x61\x74\x65\x20\x75\x6e\x63\x68\x61\x6e\x67\x65\x64\x20\x28\xc2\xa7\x38\x20\x69\x6e\x76\x20\x39\x29\x22"). As a quirk to support Unicode, we are encoding values as UTF-8 in the header, but in a browser this would likely result in a TypeError exception. Consider encoding this string in ASCII for compatibility with browser implementations of the Fetch specification.
 ✓ |do| test/realm/registry.workers.test.ts > BACKUP-1b-i realm registry > I4: a registry write failure is NAMED, and the realm remains reachable 243ms
stdout | test/realm/realm_remove.workers.test.ts > REALM-REMOVE-1b > R2: reachable WRITE deletion refuses a read capability without removing its realm
R2 CONTROL write removal reached=204 read frontier=200

stdout | test/realm/realm_remove.workers.test.ts > REALM-REMOVE-1b > R2: reachable WRITE deletion refuses a read capability without removing its realm
R2 RESULT read delete=403 forbidden_scope surviving frontier=200

A header value for "MF-Vitest-Source" contains non-ASCII characters: "test/do/conformance.test.ts's test "§18.2 retrying after a simulated lost acknowledgement is idempotent"" (raw bytes: "\x74\x65\x73\x74\x2f\x64\x6f\x2f\x63\x6f\x6e\x66\x6f\x72\x6d\x61\x6e\x63\x65\x2e\x74\x65\x73\x74\x2e\x74\x73\x27\x73\x20\x74\x65\x73\x74\x20\x22\xc2\xa7\x31\x38\x2e\x32\x20\x72\x65\x74\x72\x79\x69\x6e\x67\x20\x61\x66\x74\x65\x72\x20\x61\x20\x73\x69\x6d\x75\x6c\x61\x74\x65\x64\x20\x6c\x6f\x73\x74\x20\x61\x63\x6b\x6e\x6f\x77\x6c\x65\x64\x67\x65\x6d\x65\x6e\x74\x20\x69\x73\x20\x69\x64\x65\x6d\x70\x6f\x74\x65\x6e\x74\x22"). As a quirk to support Unicode, we are encoding values as UTF-8 in the header, but in a browser this would likely result in a TypeError exception. Consider encoding this string in ASCII for compatibility with browser implementations of the Fetch specification.
A header value for "MF-Vitest-Source" contains non-ASCII characters: "test/do/merge.test.ts's test "re-sending an identical batch is a no-op: inserted 0, present n, state unchanged (§8 inv 9)"" (raw bytes: "\x74\x65\x73\x74\x2f\x64\x6f\x2f\x6d\x65\x72\x67\x65\x2e\x74\x65\x73\x74\x2e\x74\x73\x27\x73\x20\x74\x65\x73\x74\x20\x22\x72\x65\x2d\x73\x65\x6e\x64\x69\x6e\x67\x20\x61\x6e\x20\x69\x64\x65\x6e\x74\x69\x63\x61\x6c\x20\x62\x61\x74\x63\x68\x20\x69\x73\x20\x61\x20\x6e\x6f\x2d\x6f\x70\x3a\x20\x69\x6e\x73\x65\x72\x74\x65\x64\x20\x30\x2c\x20\x70\x72\x65\x73\x65\x6e\x74\x20\x6e\x2c\x20\x73\x74\x61\x74\x65\x20\x75\x6e\x63\x68\x61\x6e\x67\x65\x64\x20\x28\xc2\xa7\x38\x20\x69\x6e\x76\x20\x39\x29\x22"). As a quirk to support Unicode, we are encoding values as UTF-8 in the header, but in a browser this would likely result in a TypeError exception. Consider encoding this string in ASCII for compatibility with browser implementations of the Fetch specification.
 ✓ |do| test/do/merge.test.ts > mergeEntries (§12.1 / §9.3) > extension batch continues an existing chain from tip+1 165ms
 ✓ |do| test/do/schema.test.ts > initSchema > is idempotent: re-running initSchema is a no-op and preserves existing data 237ms
 ✓ |do| test/do/reads.test.ts > frontier (§9.4) > reflects mixed merge AND append state across writers 164ms
 ✓ |do| test/realm/schema.workers.test.ts > realm section 7.2 schema on real DO SQLite > rejects canonical_json larger than 1 MiB 259ms
 ✓ |do| test/realm/read_capability.workers.test.ts > STORE-3b read capability > R4: a realm that EXISTED before the column can still authorise, and can be minted for 282ms
 ✓ |do| test/realm/realm_remove.workers.test.ts > REALM-REMOVE-1b > R2: reachable WRITE deletion refuses a read capability without removing its realm 296ms
 ✓ |do| test/realm/store.workers.test.ts > realm store > returns one coherent read-set with its exact shape 242ms
A header value for "MF-Vitest-Source" contains non-ASCII characters: "test/do/merge.test.ts's test "mixed present-prefix + new-suffix: inserted + present = batch size (§11.2 arithmetic)"" (raw bytes: "\x74\x65\x73\x74\x2f\x64\x6f\x2f\x6d\x65\x72\x67\x65\x2e\x74\x65\x73\x74\x2e\x74\x73\x27\x73\x20\x74\x65\x73\x74\x20\x22\x6d\x69\x78\x65\x64\x20\x70\x72\x65\x73\x65\x6e\x74\x2d\x70\x72\x65\x66\x69\x78\x20\x2b\x20\x6e\x65\x77\x2d\x73\x75\x66\x66\x69\x78\x3a\x20\x69\x6e\x73\x65\x72\x74\x65\x64\x20\x2b\x20\x70\x72\x65\x73\x65\x6e\x74\x20\x3d\x20\x62\x61\x74\x63\x68\x20\x73\x69\x7a\x65\x20\x28\xc2\xa7\x31\x31\x2e\x32\x20\x61\x72\x69\x74\x68\x6d\x65\x74\x69\x63\x29\x22"). As a quirk to support Unicode, we are encoding values as UTF-8 in the header, but in a browser this would likely result in a TypeError exception. Consider encoding this string in ASCII for compatibility with browser implementations of the Fetch specification.
A header value for "MF-Vitest-Source" contains non-ASCII characters: "test/do/reads.test.ts's suite "frontier (§9.4)"" (raw bytes: "\x74\x65\x73\x74\x2f\x64\x6f\x2f\x72\x65\x61\x64\x73\x2e\x74\x65\x73\x74\x2e\x74\x73\x27\x73\x20\x73\x75\x69\x74\x65\x20\x22\x66\x72\x6f\x6e\x74\x69\x65\x72\x20\x28\xc2\xa7\x39\x2e\x34\x29\x22"). As a quirk to support Unicode, we are encoding values as UTF-8 in the header, but in a browser this would likely result in a TypeError exception. Consider encoding this string in ASCII for compatibility with browser implementations of the Fetch specification.
 ✓ |do| test/realm/http.workers.test.ts > RealmContainer HTTP contract > does not let realm secrets cross and does not open create through the realm-secret path 528ms
 ✓ |do| test/do/conformance.test.ts > §18 conformance (items 1–12) > §18.2 retrying after a simulated lost acknowledgement is idempotent 430ms
A header value for "MF-Vitest-Source" contains non-ASCII characters: "test/do/conformance.test.ts's test "§18.3 two replicas appending under different writer IDs converge in either sync order"" (raw bytes: "\x74\x65\x73\x74\x2f\x64\x6f\x2f\x63\x6f\x6e\x66\x6f\x72\x6d\x61\x6e\x63\x65\x2e\x74\x65\x73\x74\x2e\x74\x73\x27\x73\x20\x74\x65\x73\x74\x20\x22\xc2\xa7\x31\x38\x2e\x33\x20\x74\x77\x6f\x20\x72\x65\x70\x6c\x69\x63\x61\x73\x20\x61\x70\x70\x65\x6e\x64\x69\x6e\x67\x20\x75\x6e\x64\x65\x72\x20\x64\x69\x66\x66\x65\x72\x65\x6e\x74\x20\x77\x72\x69\x74\x65\x72\x20\x49\x44\x73\x20\x63\x6f\x6e\x76\x65\x72\x67\x65\x20\x69\x6e\x20\x65\x69\x74\x68\x65\x72\x20\x73\x79\x6e\x63\x20\x6f\x72\x64\x65\x72\x22"). As a quirk to support Unicode, we are encoding values as UTF-8 in the header, but in a browser this would likely result in a TypeError exception. Consider encoding this string in ASCII for compatibility with browser implementations of the Fetch specification.
 ✓ |do| test/do/http.test.ts > DO name <-> log_id verification (§13.1) > path log_id differing from the object name -> 409 log_mismatch with both names in details 205ms
 ✓ |do| test/realm/registry.workers.test.ts > BACKUP-1b-i realm registry > I5 CONTROL, THE RED: a realm created by ANOTHER PATH leaves the registry short 227ms
A header value for "MF-Vitest-Source" contains non-ASCII characters: "test/do/reads.test.ts's suite "readWriter (§9.5)"" (raw bytes: "\x74\x65\x73\x74\x2f\x64\x6f\x2f\x72\x65\x61\x64\x73\x2e\x74\x65\x73\x74\x2e\x74\x73\x27\x73\x20\x73\x75\x69\x74\x65\x20\x22\x72\x65\x61\x64\x57\x72\x69\x74\x65\x72\x20\x28\xc2\xa7\x39\x2e\x35\x29\x22"). As a quirk to support Unicode, we are encoding values as UTF-8 in the header, but in a browser this would likely result in a TypeError exception. Consider encoding this string in ASCII for compatibility with browser implementations of the Fetch specification.
A header value for "MF-Vitest-Source" contains non-ASCII characters: "test/do/merge.test.ts's test "mixed present-prefix + new-suffix: inserted + present = batch size (§11.2 arithmetic)"" (raw bytes: "\x74\x65\x73\x74\x2f\x64\x6f\x2f\x6d\x65\x72\x67\x65\x2e\x74\x65\x73\x74\x2e\x74\x73\x27\x73\x20\x74\x65\x73\x74\x20\x22\x6d\x69\x78\x65\x64\x20\x70\x72\x65\x73\x65\x6e\x74\x2d\x70\x72\x65\x66\x69\x78\x20\x2b\x20\x6e\x65\x77\x2d\x73\x75\x66\x66\x69\x78\x3a\x20\x69\x6e\x73\x65\x72\x74\x65\x64\x20\x2b\x20\x70\x72\x65\x73\x65\x6e\x74\x20\x3d\x20\x62\x61\x74\x63\x68\x20\x73\x69\x7a\x65\x20\x28\xc2\xa7\x31\x31\x2e\x32\x20\x61\x72\x69\x74\x68\x6d\x65\x74\x69\x63\x29\x22"). As a quirk to support Unicode, we are encoding values as UTF-8 in the header, but in a browser this would likely result in a TypeError exception. Consider encoding this string in ASCII for compatibility with browser implementations of the Fetch specification.
 ✓ |do| test/do/store.test.ts > append (§9.2) > before createLog fails with log_not_found 154ms
 ✓ |do| test/do/merge.test.ts > mergeEntries (§12.1 / §9.3) > re-sending an identical batch is a no-op: inserted 0, present n, state unchanged (§8 inv 9) 170ms
 ✓ |do| test/do/reads.test.ts > frontier (§9.4) > equals the frontier mergeEntries returns for the same state (single code path) 164ms
 ✓ |do| test/do/schema.test.ts > initSchema > installs both immutability triggers (entries_no_update, entries_no_delete) 260ms
 ✓ |do| test/realm/ingress.workers.test.ts > realm ingress > requires the deployment token for create 373ms
 ✓ |do| test/do/merge.test.ts > mergeEntries (§12.1 / §9.3) > mixed present-prefix + new-suffix: inserted + present = batch size (§11.2 arithmetic) 202ms
 ✓ |do| test/realm/read_capability.workers.test.ts > STORE-3b read capability > R5: /frontier + /tail-local are reachable with the read capability alone 249ms
 ✓ |do| test/realm/store.workers.test.ts > realm store > isolates two logs across metadata, entries, tips, frontier, and reads 242ms
 ✓ |do| test/do/store.test.ts > append (§9.2) > first append allocates writer_seq 1 with null prev_entry_id 210ms
 ✓ |do| test/do/http.test.ts > DO name <-> log_id verification (§13.1) > objectName === undefined -> 409 log_mismatch naming the unverifiable object, never a `undefined !== log_id` fall-through 239ms
A header value for "MF-Vitest-Source" contains non-ASCII characters: "test/do/http.test.ts's suite "DO name <-> log_id verification (§13.1)"" (raw bytes: "\x74\x65\x73\x74\x2f\x64\x6f\x2f\x68\x74\x74\x70\x2e\x74\x65\x73\x74\x2e\x74\x73\x27\x73\x20\x73\x75\x69\x74\x65\x20\x22\x44\x4f\x20\x6e\x61\x6d\x65\x20\x3c\x2d\x3e\x20\x6c\x6f\x67\x5f\x69\x64\x20\x76\x65\x72\x69\x66\x69\x63\x61\x74\x69\x6f\x6e\x20\x28\xc2\xa7\x31\x33\x2e\x31\x29\x22"). As a quirk to support Unicode, we are encoding values as UTF-8 in the header, but in a browser this would likely result in a TypeError exception. Consider encoding this string in ASCII for compatibility with browser implementations of the Fetch specification.
workerd/io/io-context.c++:435: info: uncaught exception; exception = workerd/api/global-scope.c++:46: failed: jsg.TypeError: Can't read from request stream after response has been sent.
stack: /home/jes/codex-realm-arms/worker/node_modules/@cloudflare/workerd-linux-64/bin/workerd@1f2e6b0 /home/jes/codex-realm-arms/worker/node_modules/@cloudflare/workerd-linux-64/bin/workerd@2d78ab4 /home/jes/codex-realm-arms/worker/node_modules/@cloudflare/workerd-linux-64/bin/workerd@2d78b58
 ✓ |do| test/do/reads.test.ts > readWriter (§9.5) > afterSeq=0 with through=null returns the full chain from seq 1, ascending 210ms
workerd/io/io-context.c++:435: info: uncaught exception; exception = workerd/api/global-scope.c++:46: failed: jsg.TypeError: Can't read from request stream after response has been sent.
stack: /home/jes/codex-realm-arms/worker/node_modules/@cloudflare/workerd-linux-64/bin/workerd@1f2e6b0 /home/jes/codex-realm-arms/worker/node_modules/@cloudflare/workerd-linux-64/bin/workerd@2d78ab4 /home/jes/codex-realm-arms/worker/node_modules/@cloudflare/workerd-linux-64/bin/workerd@2d78b58
A header value for "MF-Vitest-Source" contains non-ASCII characters: "test/do/http.test.ts's suite "POST /v1/logs/{log_id}/entries (§11.2)"" (raw bytes: "\x74\x65\x73\x74\x2f\x64\x6f\x2f\x68\x74\x74\x70\x2e\x74\x65\x73\x74\x2e\x74\x73\x27\x73\x20\x73\x75\x69\x74\x65\x20\x22\x50\x4f\x53\x54\x20\x2f\x76\x31\x2f\x6c\x6f\x67\x73\x2f\x7b\x6c\x6f\x67\x5f\x69\x64\x7d\x2f\x65\x6e\x74\x72\x69\x65\x73\x20\x28\xc2\xa7\x31\x31\x2e\x32\x29\x22"). As a quirk to support Unicode, we are encoding values as UTF-8 in the header, but in a browser this would likely result in a TypeError exception. Consider encoding this string in ASCII for compatibility with browser implementations of the Fetch specification.
workerd/io/io-context.c++:435: info: uncaught exception; exception = workerd/api/global-scope.c++:46: failed: jsg.TypeError: Can't read from request stream after response has been sent.
stack: /home/jes/codex-realm-arms/worker/node_modules/@cloudflare/workerd-linux-64/bin/workerd@1f2e6b0 /home/jes/codex-realm-arms/worker/node_modules/@cloudflare/workerd-linux-64/bin/workerd@2d78ab4 /home/jes/codex-realm-arms/worker/node_modules/@cloudflare/workerd-linux-64/bin/workerd@2d78b58
 ✓ |do| test/do/merge.test.ts > mergeEntries (§12.1 / §9.3) > batch beyond tip+1 -> writer_gap with the receiver's tip in details, nothing written 219ms
 ✓ |do| test/do/store.test.ts > append (§9.2) > stores EXACTLY the canonical bytes of the entry (byte-compare vs SP1's canonicalizer) 221ms
 ✓ |do| test/realm/read_capability.workers.test.ts > STORE-3b read capability > an absent realm is not_found, and a wrong secret is unauthorized 227ms
 ✓ |do| test/realm/store.workers.test.ts > realm store > reports SQLite constraint failures as storage facts and rolls back 235ms
A header value for "MF-Vitest-Source" contains non-ASCII characters: "test/do/merge.test.ts's test "different entry at an occupied coordinate -> writer_fork; original bytes intact (§8 inv 1)"" (raw bytes: "\x74\x65\x73\x74\x2f\x64\x6f\x2f\x6d\x65\x72\x67\x65\x2e\x74\x65\x73\x74\x2e\x74\x73\x27\x73\x20\x74\x65\x73\x74\x20\x22\x64\x69\x66\x66\x65\x72\x65\x6e\x74\x20\x65\x6e\x74\x72\x79\x20\x61\x74\x20\x61\x6e\x20\x6f\x63\x63\x75\x70\x69\x65\x64\x20\x63\x6f\x6f\x72\x64\x69\x6e\x61\x74\x65\x20\x2d\x3e\x20\x77\x72\x69\x74\x65\x72\x5f\x66\x6f\x72\x6b\x3b\x20\x6f\x72\x69\x67\x69\x6e\x61\x6c\x20\x62\x79\x74\x65\x73\x20\x69\x6e\x74\x61\x63\x74\x20\x28\xc2\xa7\x38\x20\x69\x6e\x76\x20\x31\x29\x22"). As a quirk to support Unicode, we are encoding values as UTF-8 in the header, but in a browser this would likely result in a TypeError exception. Consider encoding this string in ASCII for compatibility with browser implementations of the Fetch specification.
stdout | test/realm/realm_remove.workers.test.ts > REALM-REMOVE-1b > R3: repeat and never-created canonical removals are empty 204s
R3 INERT never-created delete: registry count 0 -> 0

workerd/io/io-context.c++:435: info: uncaught exception; exception = workerd/api/global-scope.c++:46: failed: jsg.TypeError: Can't read from request stream after response has been sent.
stack: /home/jes/codex-realm-arms/worker/node_modules/@cloudflare/workerd-linux-64/bin/workerd@1f2e6b0 /home/jes/codex-realm-arms/worker/node_modules/@cloudflare/workerd-linux-64/bin/workerd@2d78ab4 /home/jes/codex-realm-arms/worker/node_modules/@cloudflare/workerd-linux-64/bin/workerd@2d78b58
A header value for "MF-Vitest-Source" contains non-ASCII characters: "test/do/merge.test.ts's test "different entry at an occupied coordinate -> writer_fork; original bytes intact (§8 inv 1)"" (raw bytes: "\x74\x65\x73\x74\x2f\x64\x6f\x2f\x6d\x65\x72\x67\x65\x2e\x74\x65\x73\x74\x2e\x74\x73\x27\x73\x20\x74\x65\x73\x74\x20\x22\x64\x69\x66\x66\x65\x72\x65\x6e\x74\x20\x65\x6e\x74\x72\x79\x20\x61\x74\x20\x61\x6e\x20\x6f\x63\x63\x75\x70\x69\x65\x64\x20\x63\x6f\x6f\x72\x64\x69\x6e\x61\x74\x65\x20\x2d\x3e\x20\x77\x72\x69\x74\x65\x72\x5f\x66\x6f\x72\x6b\x3b\x20\x6f\x72\x69\x67\x69\x6e\x61\x6c\x20\x62\x79\x74\x65\x73\x20\x69\x6e\x74\x61\x63\x74\x20\x28\xc2\xa7\x38\x20\x69\x6e\x76\x20\x31\x29\x22"). As a quirk to support Unicode, we are encoding values as UTF-8 in the header, but in a browser this would likely result in a TypeError exception. Consider encoding this string in ASCII for compatibility with browser implementations of the Fetch specification.
stdout | test/realm/realm_remove.workers.test.ts > REALM-REMOVE-1b > R3: repeat and never-created canonical removals are empty 204s
R3 RESULT first=204 repeat=204 never-created=204 non-root=404

 ✓ |do| test/realm/ingress.workers.test.ts > realm ingress > returns not_found for sidecar, engine, and node paths of an uncreated realm 346ms
 ✓ |do| test/do/schema.test.ts > immutability trigger red paths (the recorded artifact) > UPDATE on a committed entry raises: error text contains 'entries are immutable' 173ms
 ✓ |do| test/do/store.test.ts > append (§9.2) > chains: three appends get seqs 1,2,3 each naming its predecessor; writer_tips matches 224ms
 ✓ |do| test/realm/realm_remove.workers.test.ts > REALM-REMOVE-1b > R3: repeat and never-created canonical removals are empty 204s 698ms
 ✓ |do| test/do/reads.test.ts > readWriter (§9.5) > range is EXCLUSIVE of afterSeq, INCLUSIVE of throughSeq: after=2 through=4 -> exactly [3,4] 184ms
 ✓ |do| test/realm/http.workers.test.ts > RealmContainer HTTP contract > advances leases and fences an earlier lease without writing rows 671ms
 ✓ |do| test/realm/store.workers.test.ts > realm store > pins read_writer continuation cursor and throughSeq clamp 232ms
 ✓ |do| test/do/http.test.ts > POST /v1/logs/{log_id}/entries (§11.2) > before create -> 404 log_not_found 148ms
 ✓ |do| test/do/schema.test.ts > immutability trigger red paths (the recorded artifact) > DELETE on a committed entry raises: error text contains 'entries are immutable' 211ms
 ✓ |do| test/do/merge.test.ts > mergeEntries (§12.1 / §9.3) > different entry at an occupied coordinate -> writer_fork; original bytes intact (§8 inv 1) 229ms
 ✓ |do| test/realm/read_capability.workers.test.ts > STORE-3b R6: every lane reaches the scope check > each lane has exactly one fetch entry and it delegates to handlePublicRealmRequest 165ms
 ✓ |do| test/realm/read_capability.workers.test.ts > STORE-3b R6: every lane reaches the scope check > CONTROL: the recogniser can fail - a lane whose fetch bypasses the check is rejected 100ms
workerd/io/io-context.c++:435: info: uncaught exception; exception = workerd/api/global-scope.c++:46: failed: jsg.TypeError: Can't read from request stream after response has been sent.
stack: /home/jes/codex-realm-arms/worker/node_modules/@cloudflare/workerd-linux-64/bin/workerd@1f2e6b0 /home/jes/codex-realm-arms/worker/node_modules/@cloudflare/workerd-linux-64/bin/workerd@2d78ab4 /home/jes/codex-realm-arms/worker/node_modules/@cloudflare/workerd-linux-64/bin/workerd@2d78b58
A header value for "MF-Vitest-Source" contains non-ASCII characters: "test/do/merge.test.ts's test "§18 test 10 shape: mixed-writer batch with one poisoned writer rolls back BOTH writers"" (raw bytes: "\x74\x65\x73\x74\x2f\x64\x6f\x2f\x6d\x65\x72\x67\x65\x2e\x74\x65\x73\x74\x2e\x74\x73\x27\x73\x20\x74\x65\x73\x74\x20\x22\xc2\xa7\x31\x38\x20\x74\x65\x73\x74\x20\x31\x30\x20\x73\x68\x61\x70\x65\x3a\x20\x6d\x69\x78\x65\x64\x2d\x77\x72\x69\x74\x65\x72\x20\x62\x61\x74\x63\x68\x20\x77\x69\x74\x68\x20\x6f\x6e\x65\x20\x70\x6f\x69\x73\x6f\x6e\x65\x64\x20\x77\x72\x69\x74\x65\x72\x20\x72\x6f\x6c\x6c\x73\x20\x62\x61\x63\x6b\x20\x42\x4f\x54\x48\x20\x77\x72\x69\x74\x65\x72\x73\x22"). As a quirk to support Unicode, we are encoding values as UTF-8 in the header, but in a browser this would likely result in a TypeError exception. Consider encoding this string in ASCII for compatibility with browser implementations of the Fetch specification.
 ✓ |do| test/do/http.test.ts > POST /v1/logs/{log_id}/entries (§11.2) > fresh 3-entry batch -> 200 {inserted:3, present:0, frontier.writers} in snake_case 233ms
stdout | test/realm/realm_remove.workers.test.ts > REALM-REMOVE-1b > R4: registry failure is named after real wipe; an unauthenticated retry RETAINS the KV row
R4 CONTROL frontier=200 registry row present=true

 ✓ |do| test/do/reads.test.ts > readWriter (§9.5) > throughSeq beyond the tip clamps to the tip (no phantom continuation) 205ms
A header value for "MF-Vitest-Source" contains non-ASCII characters: "test/do/http.test.ts's test "re-POSTing the identical batch -> {inserted:0, present:3} (idempotent, §15.1)"" (raw bytes: "\x74\x65\x73\x74\x2f\x64\x6f\x2f\x68\x74\x74\x70\x2e\x74\x65\x73\x74\x2e\x74\x73\x27\x73\x20\x74\x65\x73\x74\x20\x22\x72\x65\x2d\x50\x4f\x53\x54\x69\x6e\x67\x20\x74\x68\x65\x20\x69\x64\x65\x6e\x74\x69\x63\x61\x6c\x20\x62\x61\x74\x63\x68\x20\x2d\x3e\x20\x7b\x69\x6e\x73\x65\x72\x74\x65\x64\x3a\x30\x2c\x20\x70\x72\x65\x73\x65\x6e\x74\x3a\x33\x7d\x20\x28\x69\x64\x65\x6d\x70\x6f\x74\x65\x6e\x74\x2c\x20\xc2\xa7\x31\x35\x2e\x31\x29\x22"). As a quirk to support Unicode, we are encoding values as UTF-8 in the header, but in a browser this would likely result in a TypeError exception. Consider encoding this string in ASCII for compatibility with browser implementations of the Fetch specification.
stdout | test/realm/realm_remove.workers.test.ts > REALM-REMOVE-1b > R4: registry failure is named after real wipe; an unauthenticated retry RETAINS the KV row
R4 RESULT delete=503 registry_delete_failed frontier=404 order=wipe,registry

stdout | test/realm/realm_remove.workers.test.ts > REALM-REMOVE-1b > R4: registry failure is named after real wipe; an unauthenticated retry RETAINS the KV row
R4 RETRY absent-auth delete=204 registry row RETAINED=true events=wipe,registry

 ✓ |do| test/do/store.test.ts > append (§9.2) > two interleaved writers get independent sequences and independent tips 236ms
workerd/io/io-context.c++:435: info: uncaught exception; exception = workerd/api/global-scope.c++:46: failed: jsg.TypeError: Can't read from request stream after response has been sent.
stack: /home/jes/codex-realm-arms/worker/node_modules/@cloudflare/workerd-linux-64/bin/workerd@1f2e6b0 /home/jes/codex-realm-arms/worker/node_modules/@cloudflare/workerd-linux-64/bin/workerd@2d78ab4 /home/jes/codex-realm-arms/worker/node_modules/@cloudflare/workerd-linux-64/bin/workerd@2d78b58
 ✓ |do| test/realm/store.workers.test.ts > realm store > pins tail_local continuation cursor in realm arrival order 236ms
A header value for "MF-Vitest-Source" contains non-ASCII characters: "test/do/merge.test.ts's test "§18 test 10 shape: mixed-writer batch with one poisoned writer rolls back BOTH writers"" (raw bytes: "\x74\x65\x73\x74\x2f\x64\x6f\x2f\x6d\x65\x72\x67\x65\x2e\x74\x65\x73\x74\x2e\x74\x73\x27\x73\x20\x74\x65\x73\x74\x20\x22\xc2\xa7\x31\x38\x20\x74\x65\x73\x74\x20\x31\x30\x20\x73\x68\x61\x70\x65\x3a\x20\x6d\x69\x78\x65\x64\x2d\x77\x72\x69\x74\x65\x72\x20\x62\x61\x74\x63\x68\x20\x77\x69\x74\x68\x20\x6f\x6e\x65\x20\x70\x6f\x69\x73\x6f\x6e\x65\x64\x20\x77\x72\x69\x74\x65\x72\x20\x72\x6f\x6c\x6c\x73\x20\x62\x61\x63\x6b\x20\x42\x4f\x54\x48\x20\x77\x72\x69\x74\x65\x72\x73\x22"). As a quirk to support Unicode, we are encoding values as UTF-8 in the header, but in a browser this would likely result in a TypeError exception. Consider encoding this string in ASCII for compatibility with browser implementations of the Fetch specification.
 ✓ |do| test/realm/realm_remove.workers.test.ts > REALM-REMOVE-1b > R4: registry failure is named after real wipe; an unauthenticated retry RETAINS the KV row 288ms
 ✓ |do| test/do/merge.test.ts > mergeEntries (§12.1 / §9.3) > existing entry_id reused for different bytes -> entry_id_collision, nothing written 173ms
 ✓ |do| test/do/schema.test.ts > immutability trigger red paths (the recorded artifact) > INSERT into entries still works after the triggers exist 218ms
A header value for "MF-Vitest-Source" contains non-ASCII characters: "test/do/http.test.ts's test "re-POSTing the identical batch -> {inserted:0, present:3} (idempotent, §15.1)"" (raw bytes: "\x74\x65\x73\x74\x2f\x64\x6f\x2f\x68\x74\x74\x70\x2e\x74\x65\x73\x74\x2e\x74\x73\x27\x73\x20\x74\x65\x73\x74\x20\x22\x72\x65\x2d\x50\x4f\x53\x54\x69\x6e\x67\x20\x74\x68\x65\x20\x69\x64\x65\x6e\x74\x69\x63\x61\x6c\x20\x62\x61\x74\x63\x68\x20\x2d\x3e\x20\x7b\x69\x6e\x73\x65\x72\x74\x65\x64\x3a\x30\x2c\x20\x70\x72\x65\x73\x65\x6e\x74\x3a\x33\x7d\x20\x28\x69\x64\x65\x6d\x70\x6f\x74\x65\x6e\x74\x2c\x20\xc2\xa7\x31\x35\x2e\x31\x29\x22"). As a quirk to support Unicode, we are encoding values as UTF-8 in the header, but in a browser this would likely result in a TypeError exception. Consider encoding this string in ASCII for compatibility with browser implementations of the Fetch specification.
 ✓ |do| test/do/reads.test.ts > readWriter (§9.5) > limit truncates mid-range and nextAfterSeq is the LAST RETURNED seq 196ms
 ✓ |do| test/do/http.test.ts > POST /v1/logs/{log_id}/entries (§11.2) > re-POSTing the identical batch -> {inserted:0, present:3} (idempotent, §15.1) 250ms
workerd/io/io-context.c++:435: info: uncaught exception; exception = workerd/api/global-scope.c++:46: failed: jsg.TypeError: Can't read from request stream after response has been sent.
stack: /home/jes/codex-realm-arms/worker/node_modules/@cloudflare/workerd-linux-64/bin/workerd@1f2e6b0 /home/jes/codex-realm-arms/worker/node_modules/@cloudflare/workerd-linux-64/bin/workerd@2d78ab4 /home/jes/codex-realm-arms/worker/node_modules/@cloudflare/workerd-linux-64/bin/workerd@2d78b58
stdout | test/realm/realm_remove.workers.test.ts > REALM-REMOVE-1b > R4 storage failure never drops the registry row or live realm
R4 STORAGE FAILURE order=wipe_failed registry row retained=true frontier=200

 ✓ |do| test/do/merge.test.ts > mergeEntries (§12.1 / §9.3) > §18 test 10 shape: mixed-writer batch with one poisoned writer rolls back BOTH writers 191ms
 ✓ |do| test/realm/http.workers.test.ts > RealmContainer HTTP contract > does not create schema or rows when taking a lease for an unknown log 467ms
 ✓ |do| test/realm/ingress.workers.test.ts > realm ingress > lets only the created realm's secret reach its routes 581ms
A header value for "MF-Vitest-Source" contains non-ASCII characters: "test/do/merge.test.ts's test "valid-UUID but WRONG log_id -> log_mismatch (§8 inv 8), nothing written"" (raw bytes: "\x74\x65\x73\x74\x2f\x64\x6f\x2f\x6d\x65\x72\x67\x65\x2e\x74\x65\x73\x74\x2e\x74\x73\x27\x73\x20\x74\x65\x73\x74\x20\x22\x76\x61\x6c\x69\x64\x2d\x55\x55\x49\x44\x20\x62\x75\x74\x20\x57\x52\x4f\x4e\x47\x20\x6c\x6f\x67\x5f\x69\x64\x20\x2d\x3e\x20\x6c\x6f\x67\x5f\x6d\x69\x73\x6d\x61\x74\x63\x68\x20\x28\xc2\xa7\x38\x20\x69\x6e\x76\x20\x38\x29\x2c\x20\x6e\x6f\x74\x68\x69\x6e\x67\x20\x77\x72\x69\x74\x74\x65\x6e\x22"). As a quirk to support Unicode, we are encoding values as UTF-8 in the header, but in a browser this would likely result in a TypeError exception. Consider encoding this string in ASCII for compatibility with browser implementations of the Fetch specification.
 ✓ |do| test/do/store.test.ts > append (§9.2) > assigns strictly increasing arrival_seq across writers (local metadata) 186ms
 ✓ |do| test/do/reads.test.ts > readWriter (§9.5) > limit reaching exactly the end of the range yields NO cursor 139ms
 ✓ |do| test/do/schema.test.ts > immutability trigger red paths (the recorded artifact) > does not overreach: UPDATE and DELETE on writer_tips still work 130ms
A header value for "MF-Vitest-Source" contains non-ASCII characters: "test/do/merge.test.ts's test "valid-UUID but WRONG log_id -> log_mismatch (§8 inv 8), nothing written"" (raw bytes: "\x74\x65\x73\x74\x2f\x64\x6f\x2f\x6d\x65\x72\x67\x65\x2e\x74\x65\x73\x74\x2e\x74\x73\x27\x73\x20\x74\x65\x73\x74\x20\x22\x76\x61\x6c\x69\x64\x2d\x55\x55\x49\x44\x20\x62\x75\x74\x20\x57\x52\x4f\x4e\x47\x20\x6c\x6f\x67\x5f\x69\x64\x20\x2d\x3e\x20\x6c\x6f\x67\x5f\x6d\x69\x73\x6d\x61\x74\x63\x68\x20\x28\xc2\xa7\x38\x20\x69\x6e\x76\x20\x38\x29\x2c\x20\x6e\x6f\x74\x68\x69\x6e\x67\x20\x77\x72\x69\x74\x74\x65\x6e\x22"). As a quirk to support Unicode, we are encoding values as UTF-8 in the header, but in a browser this would likely result in a TypeError exception. Consider encoding this string in ASCII for compatibility with browser implementations of the Fetch specification.
A header value for "MF-Vitest-Source" contains non-ASCII characters: "test/do/store.test.ts's test "oversized body -> entry_too_large, and NOTHING was written (§8 invariant 10)"" (raw bytes: "\x74\x65\x73\x74\x2f\x64\x6f\x2f\x73\x74\x6f\x72\x65\x2e\x74\x65\x73\x74\x2e\x74\x73\x27\x73\x20\x74\x65\x73\x74\x20\x22\x6f\x76\x65\x72\x73\x69\x7a\x65\x64\x20\x62\x6f\x64\x79\x20\x2d\x3e\x20\x65\x6e\x74\x72\x79\x5f\x74\x6f\x6f\x5f\x6c\x61\x72\x67\x65\x2c\x20\x61\x6e\x64\x20\x4e\x4f\x54\x48\x49\x4e\x47\x20\x77\x61\x73\x20\x77\x72\x69\x74\x74\x65\x6e\x20\x28\xc2\xa7\x38\x20\x69\x6e\x76\x61\x72\x69\x61\x6e\x74\x20\x31\x30\x29\x22"). As a quirk to support Unicode, we are encoding values as UTF-8 in the header, but in a browser this would likely result in a TypeError exception. Consider encoding this string in ASCII for compatibility with browser implementations of the Fetch specification.
 ✓ |do| test/do/merge.test.ts > mergeEntries (§12.1 / §9.3) > fault on the LAST tip upsert of a multi-writer merge rolls back ALL inserts 118ms
 ✓ |do| test/do/reads.test.ts > readWriter (§9.5) > paging a 10-entry chain in pages of 3 reassembles the full read byte-for-byte, no gap/overlap 112ms
A header value for "MF-Vitest-Source" contains non-ASCII characters: "test/do/reads.test.ts's test "unknown writerId -> empty entries and null cursor (NOT an error; §10 sync may probe)"" (raw bytes: "\x74\x65\x73\x74\x2f\x64\x6f\x2f\x72\x65\x61\x64\x73\x2e\x74\x65\x73\x74\x2e\x74\x73\x27\x73\x20\x74\x65\x73\x74\x20\x22\x75\x6e\x6b\x6e\x6f\x77\x6e\x20\x77\x72\x69\x74\x65\x72\x49\x64\x20\x2d\x3e\x20\x65\x6d\x70\x74\x79\x20\x65\x6e\x74\x72\x69\x65\x73\x20\x61\x6e\x64\x20\x6e\x75\x6c\x6c\x20\x63\x75\x72\x73\x6f\x72\x20\x28\x4e\x4f\x54\x20\x61\x6e\x20\x65\x72\x72\x6f\x72\x3b\x20\xc2\xa7\x31\x30\x20\x73\x79\x6e\x63\x20\x6d\x61\x79\x20\x70\x72\x6f\x62\x65\x29\x22"). As a quirk to support Unicode, we are encoding values as UTF-8 in the header, but in a browser this would likely result in a TypeError exception. Consider encoding this string in ASCII for compatibility with browser implementations of the Fetch specification.
 ✓ |do| test/realm/realm_remove.workers.test.ts > REALM-REMOVE-1b > R4 storage failure never drops the registry row or live realm 258ms
 ✓ |do| test/do/merge.test.ts > mergeEntries (§12.1 / §9.3) > valid-UUID but WRONG log_id -> log_mismatch (§8 inv 8), nothing written 120ms
workerd/io/io-context.c++:435: info: uncaught exception; exception = workerd/api/global-scope.c++:46: failed: jsg.TypeError: Can't read from request stream after response has been sent.
stack: /home/jes/codex-realm-arms/worker/node_modules/@cloudflare/workerd-linux-64/bin/workerd@1f2e6b0 /home/jes/codex-realm-arms/worker/node_modules/@cloudflare/workerd-linux-64/bin/workerd@2d78ab4 /home/jes/codex-realm-arms/worker/node_modules/@cloudflare/workerd-linux-64/bin/workerd@2d78b58
 ✓ |do| test/do/http.test.ts > POST /v1/logs/{log_id}/entries (§11.2) > response frontier lists ALL writers sorted by writer_id, not just the batch's 186ms
A header value for "MF-Vitest-Source" contains non-ASCII characters: "test/do/store.test.ts's test "oversized body -> entry_too_large, and NOTHING was written (§8 invariant 10)"" (raw bytes: "\x74\x65\x73\x74\x2f\x64\x6f\x2f\x73\x74\x6f\x72\x65\x2e\x74\x65\x73\x74\x2e\x74\x73\x27\x73\x20\x74\x65\x73\x74\x20\x22\x6f\x76\x65\x72\x73\x69\x7a\x65\x64\x20\x62\x6f\x64\x79\x20\x2d\x3e\x20\x65\x6e\x74\x72\x79\x5f\x74\x6f\x6f\x5f\x6c\x61\x72\x67\x65\x2c\x20\x61\x6e\x64\x20\x4e\x4f\x54\x48\x49\x4e\x47\x20\x77\x61\x73\x20\x77\x72\x69\x74\x74\x65\x6e\x20\x28\xc2\xa7\x38\x20\x69\x6e\x76\x61\x72\x69\x61\x6e\x74\x20\x31\x30\x29\x22"). As a quirk to support Unicode, we are encoding values as UTF-8 in the header, but in a browser this would likely result in a TypeError exception. Consider encoding this string in ASCII for compatibility with browser implementations of the Fetch specification.
A header value for "MF-Vitest-Source" contains non-ASCII characters: "test/do/reads.test.ts's test "unknown writerId -> empty entries and null cursor (NOT an error; §10 sync may probe)"" (raw bytes: "\x74\x65\x73\x74\x2f\x64\x6f\x2f\x72\x65\x61\x64\x73\x2e\x74\x65\x73\x74\x2e\x74\x73\x27\x73\x20\x74\x65\x73\x74\x20\x22\x75\x6e\x6b\x6e\x6f\x77\x6e\x20\x77\x72\x69\x74\x65\x72\x49\x64\x20\x2d\x3e\x20\x65\x6d\x70\x74\x79\x20\x65\x6e\x74\x72\x69\x65\x73\x20\x61\x6e\x64\x20\x6e\x75\x6c\x6c\x20\x63\x75\x72\x73\x6f\x72\x20\x28\x4e\x4f\x54\x20\x61\x6e\x20\x65\x72\x72\x6f\x72\x3b\x20\xc2\xa7\x31\x30\x20\x73\x79\x6e\x63\x20\x6d\x61\x79\x20\x70\x72\x6f\x62\x65\x29\x22"). As a quirk to support Unicode, we are encoding values as UTF-8 in the header, but in a browser this would likely result in a TypeError exception. Consider encoding this string in ASCII for compatibility with browser implementations of the Fetch specification.
 ✓ |do| test/do/store.test.ts > append (§9.2) > generates canonical-form UUIDv7 entry_ids, unique across appends 131ms
A header value for "MF-Vitest-Source" contains non-ASCII characters: "test/do/conformance.test.ts's test "§18.3 two replicas appending under different writer IDs converge in either sync order"" (raw bytes: "\x74\x65\x73\x74\x2f\x64\x6f\x2f\x63\x6f\x6e\x66\x6f\x72\x6d\x61\x6e\x63\x65\x2e\x74\x65\x73\x74\x2e\x74\x73\x27\x73\x20\x74\x65\x73\x74\x20\x22\xc2\xa7\x31\x38\x2e\x33\x20\x74\x77\x6f\x20\x72\x65\x70\x6c\x69\x63\x61\x73\x20\x61\x70\x70\x65\x6e\x64\x69\x6e\x67\x20\x75\x6e\x64\x65\x72\x20\x64\x69\x66\x66\x65\x72\x65\x6e\x74\x20\x77\x72\x69\x74\x65\x72\x20\x49\x44\x73\x20\x63\x6f\x6e\x76\x65\x72\x67\x65\x20\x69\x6e\x20\x65\x69\x74\x68\x65\x72\x20\x73\x79\x6e\x63\x20\x6f\x72\x64\x65\x72\x22"). As a quirk to support Unicode, we are encoding values as UTF-8 in the header, but in a browser this would likely result in a TypeError exception. Consider encoding this string in ASCII for compatibility with browser implementations of the Fetch specification.
stdout | test/realm/realm_remove.workers.test.ts > REALM-REMOVE-1b > R5: real KV inventory loses exactly the removed realm and ignores spoofed identity
R5 CONTROL initial=0 before=2 both created rows present=true

 ✓ |do| test/do/reads.test.ts > readWriter (§9.5) > returned seqs are consecutive integers (complete contiguous range, anti-gap) 133ms
workerd/io/io-context.c++:435: info: uncaught exception; exception = workerd/api/global-scope.c++:46: failed: jsg.TypeError: Can't read from request stream after response has been sent.
stack: /home/jes/codex-realm-arms/worker/node_modules/@cloudflare/workerd-linux-64/bin/workerd@1f2e6b0 /home/jes/codex-realm-arms/worker/node_modules/@cloudflare/workerd-linux-64/bin/workerd@2d78ab4 /home/jes/codex-realm-arms/worker/node_modules/@cloudflare/workerd-linux-64/bin/workerd@2d78b58
 ✓ |do| test/realm/http.workers.test.ts > RealmContainer HTTP contract > assigns local receipt times and rejects caller-supplied receipt metadata 328ms
 ✓ |do| test/do/conformance.test.ts > §18 conformance (items 1–12) > §18.3 two replicas appending under different writer IDs converge in either sync order 1464ms
 ✓ |do| test/do/merge.test.ts > mergeEntries (§12.1 / §9.3) > malformed (non-UUID) log_id fails validation as invalid_entry, nothing written 103ms
A header value for "MF-Vitest-Source" contains non-ASCII characters: "test/do/conformance.test.ts's test "§18.4 three-way merge is associative for compatible replicas"" (raw bytes: "\x74\x65\x73\x74\x2f\x64\x6f\x2f\x63\x6f\x6e\x66\x6f\x72\x6d\x61\x6e\x63\x65\x2e\x74\x65\x73\x74\x2e\x74\x73\x27\x73\x20\x74\x65\x73\x74\x20\x22\xc2\xa7\x31\x38\x2e\x34\x20\x74\x68\x72\x65\x65\x2d\x77\x61\x79\x20\x6d\x65\x72\x67\x65\x20\x69\x73\x20\x61\x73\x73\x6f\x63\x69\x61\x74\x69\x76\x65\x20\x66\x6f\x72\x20\x63\x6f\x6d\x70\x61\x74\x69\x62\x6c\x65\x20\x72\x65\x70\x6c\x69\x63\x61\x73\x22"). As a quirk to support Unicode, we are encoding values as UTF-8 in the header, but in a browser this would likely result in a TypeError exception. Consider encoding this string in ASCII for compatibility with browser implementations of the Fetch specification.
 ✓ |do| test/do/http.test.ts > POST /v1/logs/{log_id}/entries (§11.2) > malformed JSON body -> 400 invalid_json 111ms
stdout | test/realm/realm_remove.workers.test.ts > REALM-REMOVE-1b > R5: real KV inventory loses exactly the removed realm and ignores spoofed identity
R5 RESULT before=2 after=1 delta=1 target absent=true other retained=true

 ✓ |do| test/do/store.test.ts > append (§9.2) > oversized body -> entry_too_large, and NOTHING was written (§8 invariant 10) 230ms
 ✓ |do| test/do/store.test.ts > append (§9.2) > non-object body -> invalid_entry with SP1's slug in details, nothing written 93ms
 ✓ |do| test/do/reads.test.ts > readWriter (§9.5) > unknown writerId -> empty entries and null cursor (NOT an error; §10 sync may probe) 123ms
 ✓ |do| test/do/reads.test.ts > readWriter (§9.5) > before createLog fails with log_not_found 87ms
 ✓ |do| test/realm/realm_remove.workers.test.ts > REALM-REMOVE-1b > R5: real KV inventory loses exactly the removed realm and ignores spoofed identity 342ms
 ✓ |do| test/do/merge.test.ts > mergeEntries (§12.1 / §9.3) > one invalid entry (bad entry_id UUID) poisons the whole batch: slugged error, nothing written 115ms
 ✓ |do| test/do/http.test.ts > POST /v1/logs/{log_id}/entries (§11.2) > valid JSON but not an {entries:[...]} batch -> 422 invalid_entry 143ms
A header value for "MF-Vitest-Source" contains non-ASCII characters: "test/do/reads.test.ts's suite "readWriter (§9.5)"" (raw bytes: "\x74\x65\x73\x74\x2f\x64\x6f\x2f\x72\x65\x61\x64\x73\x2e\x74\x65\x73\x74\x2e\x74\x73\x27\x73\x20\x73\x75\x69\x74\x65\x20\x22\x72\x65\x61\x64\x57\x72\x69\x74\x65\x72\x20\x28\xc2\xa7\x39\x2e\x35\x29\x22"). As a quirk to support Unicode, we are encoding values as UTF-8 in the header, but in a browser this would likely result in a TypeError exception. Consider encoding this string in ASCII for compatibility with browser implementations of the Fetch specification.
A header value for "MF-Vitest-Source" contains non-ASCII characters: "test/do/http.test.ts's test "oversized raw body is rejected 413 batch_too_large BEFORE parsing (§16: garbage body never reaches invalid_json)"" (raw bytes: "\x74\x65\x73\x74\x2f\x64\x6f\x2f\x68\x74\x74\x70\x2e\x74\x65\x73\x74\x2e\x74\x73\x27\x73\x20\x74\x65\x73\x74\x20\x22\x6f\x76\x65\x72\x73\x69\x7a\x65\x64\x20\x72\x61\x77\x20\x62\x6f\x64\x79\x20\x69\x73\x20\x72\x65\x6a\x65\x63\x74\x65\x64\x20\x34\x31\x33\x20\x62\x61\x74\x63\x68\x5f\x74\x6f\x6f\x5f\x6c\x61\x72\x67\x65\x20\x42\x45\x46\x4f\x52\x45\x20\x70\x61\x72\x73\x69\x6e\x67\x20\x28\xc2\xa7\x31\x36\x3a\x20\x67\x61\x72\x62\x61\x67\x65\x20\x62\x6f\x64\x79\x20\x6e\x65\x76\x65\x72\x20\x72\x65\x61\x63\x68\x65\x73\x20\x69\x6e\x76\x61\x6c\x69\x64\x5f\x6a\x73\x6f\x6e\x29\x22"). As a quirk to support Unicode, we are encoding values as UTF-8 in the header, but in a browser this would likely result in a TypeError exception. Consider encoding this string in ASCII for compatibility with browser implementations of the Fetch specification.
 ✓ |do| test/realm/ingress.workers.test.ts > realm ingress > keeps two realm secrets scoped, with positive controls both ways 559ms
A header value for "MF-Vitest-Source" contains non-ASCII characters: "test/do/reads.test.ts's suite "tailLocal (§9.6)"" (raw bytes: "\x74\x65\x73\x74\x2f\x64\x6f\x2f\x72\x65\x61\x64\x73\x2e\x74\x65\x73\x74\x2e\x74\x73\x27\x73\x20\x73\x75\x69\x74\x65\x20\x22\x74\x61\x69\x6c\x4c\x6f\x63\x61\x6c\x20\x28\xc2\xa7\x39\x2e\x36\x29\x22"). As a quirk to support Unicode, we are encoding values as UTF-8 in the header, but in a browser this would likely result in a TypeError exception. Consider encoding this string in ASCII for compatibility with browser implementations of the Fetch specification.
 ✓ |do| test/realm/http.workers.test.ts > RealmContainer HTTP contract > accepts only a matching nested log_id and rejects mismatches without writing 267ms
A header value for "MF-Vitest-Source" contains non-ASCII characters: "test/do/http.test.ts's test "oversized raw body is rejected 413 batch_too_large BEFORE parsing (§16: garbage body never reaches invalid_json)"" (raw bytes: "\x74\x65\x73\x74\x2f\x64\x6f\x2f\x68\x74\x74\x70\x2e\x74\x65\x73\x74\x2e\x74\x73\x27\x73\x20\x74\x65\x73\x74\x20\x22\x6f\x76\x65\x72\x73\x69\x7a\x65\x64\x20\x72\x61\x77\x20\x62\x6f\x64\x79\x20\x69\x73\x20\x72\x65\x6a\x65\x63\x74\x65\x64\x20\x34\x31\x33\x20\x62\x61\x74\x63\x68\x5f\x74\x6f\x6f\x5f\x6c\x61\x72\x67\x65\x20\x42\x45\x46\x4f\x52\x45\x20\x70\x61\x72\x73\x69\x6e\x67\x20\x28\xc2\xa7\x31\x36\x3a\x20\x67\x61\x72\x62\x61\x67\x65\x20\x62\x6f\x64\x79\x20\x6e\x65\x76\x65\x72\x20\x72\x65\x61\x63\x68\x65\x73\x20\x69\x6e\x76\x61\x6c\x69\x64\x5f\x6a\x73\x6f\x6e\x29\x22"). As a quirk to support Unicode, we are encoding values as UTF-8 in the header, but in a browser this would likely result in a TypeError exception. Consider encoding this string in ASCII for compatibility with browser implementations of the Fetch specification.
 ✓ |do| test/do/store.test.ts > append (§9.2) > unsafe integer in body -> invalid_entry (unsafe-integer), nothing written 160ms
 ✓ |do| test/do/merge.test.ts > mergeEntries (§12.1 / §9.3) > oversized entry -> entry_too_large with SP1's slug, nothing written 217ms
 ✓ |do| test/do/reads.test.ts > readWriter (§9.5) > caller-contract violations throw RangeError: negative afterSeq, zero/negative limit, bad throughSeq 152ms
 ✓ |do| test/do/http.test.ts > POST /v1/logs/{log_id}/entries (§11.2) > 101 entries -> 413 batch_too_large (default limit 100) 183ms
 ✓ |do| test/realm/ingress.workers.test.ts > realm ingress > requires a syntactically valid bearer on realm routes 110ms
 ✓ |do| test/do/merge.test.ts > mergeEntries (§12.1 / §9.3) > a raw batch element that is not an object -> invalid_entry (entry-not-object) 135ms
 ✓ |do| test/do/store.test.ts > append (§9.2) > fault between the entries INSERT and the tip upsert rolls back the completed INSERT 155ms
 ✓ |do| test/do/reads.test.ts > tailLocal (§9.6) > returns entries in ARRIVAL order even when it diverges from writer order 141ms
A header value for "MF-Vitest-Source" contains non-ASCII characters: "test/do/store.test.ts's suite "append (§9.2)"" (raw bytes: "\x74\x65\x73\x74\x2f\x64\x6f\x2f\x73\x74\x6f\x72\x65\x2e\x74\x65\x73\x74\x2e\x74\x73\x27\x73\x20\x73\x75\x69\x74\x65\x20\x22\x61\x70\x70\x65\x6e\x64\x20\x28\xc2\xa7\x39\x2e\x32\x29\x22"). As a quirk to support Unicode, we are encoding values as UTF-8 in the header, but in a browser this would likely result in a TypeError exception. Consider encoding this string in ASCII for compatibility with browser implementations of the Fetch specification.
 ✓ |do| test/do/http.test.ts > POST /v1/logs/{log_id}/entries (§11.2) > oversized raw body is rejected 413 batch_too_large BEFORE parsing (§16: garbage body never reaches invalid_json) 175ms
 ✓ |do| test/realm/http.workers.test.ts > RealmContainer HTTP contract > rejects unknown insert and put-tip keys without writing 334ms
A header value for "MF-Vitest-Source" contains non-ASCII characters: "test/do/conformance.test.ts's test "§18.4 three-way merge is associative for compatible replicas"" (raw bytes: "\x74\x65\x73\x74\x2f\x64\x6f\x2f\x63\x6f\x6e\x66\x6f\x72\x6d\x61\x6e\x63\x65\x2e\x74\x65\x73\x74\x2e\x74\x73\x27\x73\x20\x74\x65\x73\x74\x20\x22\xc2\xa7\x31\x38\x2e\x34\x20\x74\x68\x72\x65\x65\x2d\x77\x61\x79\x20\x6d\x65\x72\x67\x65\x20\x69\x73\x20\x61\x73\x73\x6f\x63\x69\x61\x74\x69\x76\x65\x20\x66\x6f\x72\x20\x63\x6f\x6d\x70\x61\x74\x69\x62\x6c\x65\x20\x72\x65\x70\x6c\x69\x63\x61\x73\x22"). As a quirk to support Unicode, we are encoding values as UTF-8 in the header, but in a browser this would likely result in a TypeError exception. Consider encoding this string in ASCII for compatibility with browser implementations of the Fetch specification.
 ✓ |do| test/do/merge.test.ts > mergeEntries (§12.1 / §9.3) > intra-batch prev-link violation maps to invalid_entry (recorded invalid_batch decision) 155ms
 ✓ |do| test/do/store.test.ts > append (§9.2) > a SECOND LogStore instance over the same sql continues the sequence from SQLite truth 149ms
A header value for "MF-Vitest-Source" contains non-ASCII characters: "test/do/http.test.ts's test "a single entry of exactly 1 MiB canonical bytes MUST work (§11.2)"" (raw bytes: "\x74\x65\x73\x74\x2f\x64\x6f\x2f\x68\x74\x74\x70\x2e\x74\x65\x73\x74\x2e\x74\x73\x27\x73\x20\x74\x65\x73\x74\x20\x22\x61\x20\x73\x69\x6e\x67\x6c\x65\x20\x65\x6e\x74\x72\x79\x20\x6f\x66\x20\x65\x78\x61\x63\x74\x6c\x79\x20\x31\x20\x4d\x69\x42\x20\x63\x61\x6e\x6f\x6e\x69\x63\x61\x6c\x20\x62\x79\x74\x65\x73\x20\x4d\x55\x53\x54\x20\x77\x6f\x72\x6b\x20\x28\xc2\xa7\x31\x31\x2e\x32\x29\x22"). As a quirk to support Unicode, we are encoding values as UTF-8 in the header, but in a browser this would likely result in a TypeError exception. Consider encoding this string in ASCII for compatibility with browser implementations of the Fetch specification.
 ✓ |do| test/do/reads.test.ts > tailLocal (§9.6) > pages via nextAfterArrival with no gap/overlap and terminates with null 153ms
workerd/io/io-context.c++:435: info: uncaught exception; exception = workerd/api/global-scope.c++:46: failed: jsg.TypeError: Can't read from request stream after response has been sent.
stack: /home/jes/codex-realm-arms/worker/node_modules/@cloudflare/workerd-linux-64/bin/workerd@1f2e6b0 /home/jes/codex-realm-arms/worker/node_modules/@cloudflare/workerd-linux-64/bin/workerd@2d78ab4 /home/jes/codex-realm-arms/worker/node_modules/@cloudflare/workerd-linux-64/bin/workerd@2d78b58
 ✓ |do| test/do/conformance.test.ts > §18 conformance (items 1–12) > §18.4 three-way merge is associative for compatible replicas 688ms
A header value for "MF-Vitest-Source" contains non-ASCII characters: "test/do/conformance.test.ts's test "§18.5 a shorter writer prefix extends to the longer prefix page by page"" (raw bytes: "\x74\x65\x73\x74\x2f\x64\x6f\x2f\x63\x6f\x6e\x66\x6f\x72\x6d\x61\x6e\x63\x65\x2e\x74\x65\x73\x74\x2e\x74\x73\x27\x73\x20\x74\x65\x73\x74\x20\x22\xc2\xa7\x31\x38\x2e\x35\x20\x61\x20\x73\x68\x6f\x72\x74\x65\x72\x20\x77\x72\x69\x74\x65\x72\x20\x70\x72\x65\x66\x69\x78\x20\x65\x78\x74\x65\x6e\x64\x73\x20\x74\x6f\x20\x74\x68\x65\x20\x6c\x6f\x6e\x67\x65\x72\x20\x70\x72\x65\x66\x69\x78\x20\x70\x61\x67\x65\x20\x62\x79\x20\x70\x61\x67\x65\x22"). As a quirk to support Unicode, we are encoding values as UTF-8 in the header, but in a browser this would likely result in a TypeError exception. Consider encoding this string in ASCII for compatibility with browser implementations of the Fetch specification.
stdout | test/realm/realm_remove.workers.test.ts > REALM-REMOVE-1b > removal keeps wrong/missing bearer, READ scope, root-only and revocation boundaries
SECURITY wrong/missing=401 read delete=403 noncanonical=400 revocation=204 write frontier=200 revoked read=401

 ✓ |do| test/realm/realm_remove.workers.test.ts > REALM-REMOVE-1b > removal keeps wrong/missing bearer, READ scope, root-only and revocation boundaries 641ms
 ✓ |do| test/do/store.test.ts > uuidv7 helper (RFC 9562 layout) > produces canonical lowercase UUIDv7 strings (version nibble 7, variant 10xx) 66ms
 ✓ |do| test/realm/ingress.workers.test.ts > realm ingress > returns 404 for malformed realm ids and unknown top-level paths 411ms
 ✓ |do| test/do/merge.test.ts > mergeEntries (§12.1 / §9.3) > merge extends a chain built by append (append -> merge interop) 152ms
 ✓ |do| test/do/merge.test.ts > mergeEntries (§12.1 / §9.3) > append continues after merge from the merged tip (merge -> append interop) 98ms
 ✓ |do| test/do/reads.test.ts > tailLocal (§9.6) > afterArrival at or beyond the max arrival -> empty entries and null cursor 129ms
 ✓ |do| test/do/reads.test.ts > tailLocal (§9.6) > empty log -> empty entries and null cursor 86ms
A header value for "MF-Vitest-Source" contains non-ASCII characters: "test/do/merge.test.ts's test "a permuted (unsorted writer_seq) batch inserts identically to sorted (§9.3 rule 1)"" (raw bytes: "\x74\x65\x73\x74\x2f\x64\x6f\x2f\x6d\x65\x72\x67\x65\x2e\x74\x65\x73\x74\x2e\x74\x73\x27\x73\x20\x74\x65\x73\x74\x20\x22\x61\x20\x70\x65\x72\x6d\x75\x74\x65\x64\x20\x28\x75\x6e\x73\x6f\x72\x74\x65\x64\x20\x77\x72\x69\x74\x65\x72\x5f\x73\x65\x71\x29\x20\x62\x61\x74\x63\x68\x20\x69\x6e\x73\x65\x72\x74\x73\x20\x69\x64\x65\x6e\x74\x69\x63\x61\x6c\x6c\x79\x20\x74\x6f\x20\x73\x6f\x72\x74\x65\x64\x20\x28\xc2\xa7\x39\x2e\x33\x20\x72\x75\x6c\x65\x20\x31\x29\x22"). As a quirk to support Unicode, we are encoding values as UTF-8 in the header, but in a browser this would likely result in a TypeError exception. Consider encoding this string in ASCII for compatibility with browser implementations of the Fetch specification.
 ✓ |do| test/do/store.test.ts > uuidv7 helper (RFC 9562 layout) > two calls differ (random bits are live) 44ms
 ✓ |do| test/do/store.test.ts > uuidv7 helper (RFC 9562 layout) > the 48-bit timestamp field is Date.now-based and monotone-or-equal across quick calls 69ms
 ✓ |do| test/do/store.test.ts > uuidv7 helper (RFC 9562 layout) > embeds an explicitly provided millisecond timestamp exactly 23ms
A header value for "MF-Vitest-Source" contains non-ASCII characters: "test/do/merge.test.ts's test "a permuted (unsorted writer_seq) batch inserts identically to sorted (§9.3 rule 1)"" (raw bytes: "\x74\x65\x73\x74\x2f\x64\x6f\x2f\x6d\x65\x72\x67\x65\x2e\x74\x65\x73\x74\x2e\x74\x73\x27\x73\x20\x74\x65\x73\x74\x20\x22\x61\x20\x70\x65\x72\x6d\x75\x74\x65\x64\x20\x28\x75\x6e\x73\x6f\x72\x74\x65\x64\x20\x77\x72\x69\x74\x65\x72\x5f\x73\x65\x71\x29\x20\x62\x61\x74\x63\x68\x20\x69\x6e\x73\x65\x72\x74\x73\x20\x69\x64\x65\x6e\x74\x69\x63\x61\x6c\x6c\x79\x20\x74\x6f\x20\x73\x6f\x72\x74\x65\x64\x20\x28\xc2\xa7\x39\x2e\x33\x20\x72\x75\x6c\x65\x20\x31\x29\x22"). As a quirk to support Unicode, we are encoding values as UTF-8 in the header, but in a browser this would likely result in a TypeError exception. Consider encoding this string in ASCII for compatibility with browser implementations of the Fetch specification.
stdout | test/realm/realm_remove.workers.test.ts > REALM-REMOVE-1b > both lane dispatchers gate creation and removal through native blockConcurrencyWhile only
LIFECYCLE WIRING lane=container gate=POST /realm/create,DELETE / ordinary frontier=200 removal=204

 ✓ |do| test/do/reads.test.ts > tailLocal (§9.6) > before createLog fails with log_not_found 101ms
A header value for "MF-Vitest-Source" contains non-ASCII characters: "test/do/http.test.ts's test "a single entry of exactly 1 MiB canonical bytes MUST work (§11.2)"" (raw bytes: "\x74\x65\x73\x74\x2f\x64\x6f\x2f\x68\x74\x74\x70\x2e\x74\x65\x73\x74\x2e\x74\x73\x27\x73\x20\x74\x65\x73\x74\x20\x22\x61\x20\x73\x69\x6e\x67\x6c\x65\x20\x65\x6e\x74\x72\x79\x20\x6f\x66\x20\x65\x78\x61\x63\x74\x6c\x79\x20\x31\x20\x4d\x69\x42\x20\x63\x61\x6e\x6f\x6e\x69\x63\x61\x6c\x20\x62\x79\x74\x65\x73\x20\x4d\x55\x53\x54\x20\x77\x6f\x72\x6b\x20\x28\xc2\xa7\x31\x31\x2e\x32\x29\x22"). As a quirk to support Unicode, we are encoding values as UTF-8 in the header, but in a browser this would likely result in a TypeError exception. Consider encoding this string in ASCII for compatibility with browser implementations of the Fetch specification.
 ✓ |do| test/do/http.test.ts > POST /v1/logs/{log_id}/entries (§11.2) > canonical entry bytes totalling over 4 MiB -> 413 batch_too_large (exact post-validation measure) 252ms
 ✓ |do| test/realm/http.workers.test.ts > RealmContainer HTTP contract > serves a realistic append and merge in exactly one read-set plus one commit each 297ms
stdout | test/realm/realm_remove.workers.test.ts > REALM-REMOVE-1b > both lane dispatchers gate creation and removal through native blockConcurrencyWhile only
LIFECYCLE WIRING lane=node gate=POST /realm/create,DELETE / ordinary frontier=200 removal=204

 ✓ |do| test/do/merge.test.ts > mergeEntries (§12.1 / §9.3) > a permuted (unsorted writer_seq) batch inserts identically to sorted (§9.3 rule 1) 119ms
 ✓ |do| test/realm/realm_remove.workers.test.ts > REALM-REMOVE-1b > both lane dispatchers gate creation and removal through native blockConcurrencyWhile only 300ms
 ✓ |do| test/realm/ingress.workers.test.ts > realm ingress > needs GATEWAY_TOKEN only for create, not for an authorized realm route 277ms
A header value for "MF-Vitest-Source" contains non-ASCII characters: "test/do/reads.test.ts's suite "tailLocal (§9.6)"" (raw bytes: "\x74\x65\x73\x74\x2f\x64\x6f\x2f\x72\x65\x61\x64\x73\x2e\x74\x65\x73\x74\x2e\x74\x73\x27\x73\x20\x73\x75\x69\x74\x65\x20\x22\x74\x61\x69\x6c\x4c\x6f\x63\x61\x6c\x20\x28\xc2\xa7\x39\x2e\x36\x29\x22"). As a quirk to support Unicode, we are encoding values as UTF-8 in the header, but in a browser this would likely result in a TypeError exception. Consider encoding this string in ASCII for compatibility with browser implementations of the Fetch specification.
 ✓ |do| test/do/reads.test.ts > tailLocal (§9.6) > caller-contract violations throw RangeError: negative afterArrival, zero/negative limit 187ms
stdout | test/realm/realm_remove.workers.test.ts > REALM-REMOVE-1b > unbound registry defaults to refusal before wiping a live realm
UNBOUND CONTROL delete=503 registry_not_bound wipe calls=0 frontier=200

A header value for "MF-Vitest-Source" contains non-ASCII characters: "test/do/conformance.test.ts's test "§18.5 a shorter writer prefix extends to the longer prefix page by page"" (raw bytes: "\x74\x65\x73\x74\x2f\x64\x6f\x2f\x63\x6f\x6e\x66\x6f\x72\x6d\x61\x6e\x63\x65\x2e\x74\x65\x73\x74\x2e\x74\x73\x27\x73\x20\x74\x65\x73\x74\x20\x22\xc2\xa7\x31\x38\x2e\x35\x20\x61\x20\x73\x68\x6f\x72\x74\x65\x72\x20\x77\x72\x69\x74\x65\x72\x20\x70\x72\x65\x66\x69\x78\x20\x65\x78\x74\x65\x6e\x64\x73\x20\x74\x6f\x20\x74\x68\x65\x20\x6c\x6f\x6e\x67\x65\x72\x20\x70\x72\x65\x66\x69\x78\x20\x70\x61\x67\x65\x20\x62\x79\x20\x70\x61\x67\x65\x22"). As a quirk to support Unicode, we are encoding values as UTF-8 in the header, but in a browser this would likely result in a TypeError exception. Consider encoding this string in ASCII for compatibility with browser implementations of the Fetch specification.
 ✓ |do| test/realm/ingress.workers.test.ts > realm ingress > passes a validated location hint to idFromName plus get for create 85ms
 ✓ |do| test/do/http.test.ts > POST /v1/logs/{log_id}/entries (§11.2) > a single entry of exactly 1 MiB canonical bytes MUST work (§11.2) 327ms
 ✓ |do| test/do/merge.test.ts > mergeEntries (§12.1 / §9.3) > empty batch returns inserted 0 / present 0 and the current frontier 157ms
 ✓ |do| test/realm/http.workers.test.ts > RealmContainer HTTP contract > stores every indexed entry column in agreement with its own canonical bytes 307ms
 ✓ |do| test/do/conformance.test.ts > §18 conformance (items 1–12) > §18.5 a shorter writer prefix extends to the longer prefix page by page 529ms
A header value for "MF-Vitest-Source" contains non-ASCII characters: "test/do/conformance.test.ts's test "§18.6 a missing sequence is rejected without partial insertion"" (raw bytes: "\x74\x65\x73\x74\x2f\x64\x6f\x2f\x63\x6f\x6e\x66\x6f\x72\x6d\x61\x6e\x63\x65\x2e\x74\x65\x73\x74\x2e\x74\x73\x27\x73\x20\x74\x65\x73\x74\x20\x22\xc2\xa7\x31\x38\x2e\x36\x20\x61\x20\x6d\x69\x73\x73\x69\x6e\x67\x20\x73\x65\x71\x75\x65\x6e\x63\x65\x20\x69\x73\x20\x72\x65\x6a\x65\x63\x74\x65\x64\x20\x77\x69\x74\x68\x6f\x75\x74\x20\x70\x61\x72\x74\x69\x61\x6c\x20\x69\x6e\x73\x65\x72\x74\x69\x6f\x6e\x22"). As a quirk to support Unicode, we are encoding values as UTF-8 in the header, but in a browser this would likely result in a TypeError exception. Consider encoding this string in ASCII for compatibility with browser implementations of the Fetch specification.
 ✓ |do| test/realm/realm_remove.workers.test.ts > REALM-REMOVE-1b > unbound registry defaults to refusal before wiping a live realm 171ms
 ✓ |do| test/do/merge.test.ts > mergeEntries (§12.1 / §9.3) > adversarial getter flipping entry_id between reads cannot desync columns from canonical bytes 133ms
A header value for "MF-Vitest-Source" contains non-ASCII characters: "test/do/merge.test.ts's suite "mergeEntries (§12.1 / §9.3)"" (raw bytes: "\x74\x65\x73\x74\x2f\x64\x6f\x2f\x6d\x65\x72\x67\x65\x2e\x74\x65\x73\x74\x2e\x74\x73\x27\x73\x20\x73\x75\x69\x74\x65\x20\x22\x6d\x65\x72\x67\x65\x45\x6e\x74\x72\x69\x65\x73\x20\x28\xc2\xa7\x31\x32\x2e\x31\x20\x2f\x20\xc2\xa7\x39\x2e\x33\x29\x22"). As a quirk to support Unicode, we are encoding values as UTF-8 in the header, but in a browser this would likely result in a TypeError exception. Consider encoding this string in ASCII for compatibility with browser implementations of the Fetch specification.
 ✓ |do| test/do/http.test.ts > POST /v1/logs/{log_id}/entries (§11.2) > a single entry over 1 MiB -> 413 entry_too_large with SP1's slug in details 218ms
A header value for "MF-Vitest-Source" contains non-ASCII characters: "test/do/conformance.test.ts's test "§18.6 a missing sequence is rejected without partial insertion"" (raw bytes: "\x74\x65\x73\x74\x2f\x64\x6f\x2f\x63\x6f\x6e\x66\x6f\x72\x6d\x61\x6e\x63\x65\x2e\x74\x65\x73\x74\x2e\x74\x73\x27\x73\x20\x74\x65\x73\x74\x20\x22\xc2\xa7\x31\x38\x2e\x36\x20\x61\x20\x6d\x69\x73\x73\x69\x6e\x67\x20\x73\x65\x71\x75\x65\x6e\x63\x65\x20\x69\x73\x20\x72\x65\x6a\x65\x63\x74\x65\x64\x20\x77\x69\x74\x68\x6f\x75\x74\x20\x70\x61\x72\x74\x69\x61\x6c\x20\x69\x6e\x73\x65\x72\x74\x69\x6f\x6e\x22"). As a quirk to support Unicode, we are encoding values as UTF-8 in the header, but in a browser this would likely result in a TypeError exception. Consider encoding this string in ASCII for compatibility with browser implementations of the Fetch specification.
 ✓ |do| test/do/merge.test.ts > mergeEntries (§12.1 / §9.3) > exact duplicate WITHIN one batch is deduplicated and counted present 115ms
A header value for "MF-Vitest-Source" contains non-ASCII characters: "test/do/conformance.test.ts's test "§18.7 a predecessor mismatch is reported as a writer fork"" (raw bytes: "\x74\x65\x73\x74\x2f\x64\x6f\x2f\x63\x6f\x6e\x66\x6f\x72\x6d\x61\x6e\x63\x65\x2e\x74\x65\x73\x74\x2e\x74\x73\x27\x73\x20\x74\x65\x73\x74\x20\x22\xc2\xa7\x31\x38\x2e\x37\x20\x61\x20\x70\x72\x65\x64\x65\x63\x65\x73\x73\x6f\x72\x20\x6d\x69\x73\x6d\x61\x74\x63\x68\x20\x69\x73\x20\x72\x65\x70\x6f\x72\x74\x65\x64\x20\x61\x73\x20\x61\x20\x77\x72\x69\x74\x65\x72\x20\x66\x6f\x72\x6b\x22"). As a quirk to support Unicode, we are encoding values as UTF-8 in the header, but in a browser this would likely result in a TypeError exception. Consider encoding this string in ASCII for compatibility with browser implementations of the Fetch specification.
 ✓ |do| test/do/http.test.ts > POST /v1/logs/{log_id}/entries (§11.2) > invalid entry (non-object body) -> 422 invalid_entry with SP1's slug in details 118ms
 ✓ |do| test/do/http.test.ts > POST /v1/logs/{log_id}/entries (§11.2) > batch starting past the tip -> 409 writer_gap with snake_case details and the spec's message form 87ms
A header value for "MF-Vitest-Source" contains non-ASCII characters: "test/do/conformance.test.ts's test "§18.7 a predecessor mismatch is reported as a writer fork"" (raw bytes: "\x74\x65\x73\x74\x2f\x64\x6f\x2f\x63\x6f\x6e\x66\x6f\x72\x6d\x61\x6e\x63\x65\x2e\x74\x65\x73\x74\x2e\x74\x73\x27\x73\x20\x74\x65\x73\x74\x20\x22\xc2\xa7\x31\x38\x2e\x37\x20\x61\x20\x70\x72\x65\x64\x65\x63\x65\x73\x73\x6f\x72\x20\x6d\x69\x73\x6d\x61\x74\x63\x68\x20\x69\x73\x20\x72\x65\x70\x6f\x72\x74\x65\x64\x20\x61\x73\x20\x61\x20\x77\x72\x69\x74\x65\x72\x20\x66\x6f\x72\x6b\x22"). As a quirk to support Unicode, we are encoding values as UTF-8 in the header, but in a browser this would likely result in a TypeError exception. Consider encoding this string in ASCII for compatibility with browser implementations of the Fetch specification.
 ✓ |do| test/do/conformance.test.ts > §18 conformance (items 1–12) > §18.6 a missing sequence is rejected without partial insertion 142ms
 ✓ |do| test/do/conformance.test.ts > §18 conformance (items 1–12) > §18.7 a predecessor mismatch is reported as a writer fork 86ms
A header value for "MF-Vitest-Source" contains non-ASCII characters: "test/do/conformance.test.ts's test "§18.8 different entries at one writer coordinate are rejected"" (raw bytes: "\x74\x65\x73\x74\x2f\x64\x6f\x2f\x63\x6f\x6e\x66\x6f\x72\x6d\x61\x6e\x63\x65\x2e\x74\x65\x73\x74\x2e\x74\x73\x27\x73\x20\x74\x65\x73\x74\x20\x22\xc2\xa7\x31\x38\x2e\x38\x20\x64\x69\x66\x66\x65\x72\x65\x6e\x74\x20\x65\x6e\x74\x72\x69\x65\x73\x20\x61\x74\x20\x6f\x6e\x65\x20\x77\x72\x69\x74\x65\x72\x20\x63\x6f\x6f\x72\x64\x69\x6e\x61\x74\x65\x20\x61\x72\x65\x20\x72\x65\x6a\x65\x63\x74\x65\x64\x22"). As a quirk to support Unicode, we are encoding values as UTF-8 in the header, but in a browser this would likely result in a TypeError exception. Consider encoding this string in ASCII for compatibility with browser implementations of the Fetch specification.
 ✓ |do| test/realm/http.workers.test.ts > RealmContainer HTTP contract > keeps two logs in one realm isolated through the HTTP surface 181ms
A header value for "MF-Vitest-Source" contains non-ASCII characters: "test/do/conformance.test.ts's test "§18.8 different entries at one writer coordinate are rejected"" (raw bytes: "\x74\x65\x73\x74\x2f\x64\x6f\x2f\x63\x6f\x6e\x66\x6f\x72\x6d\x61\x6e\x63\x65\x2e\x74\x65\x73\x74\x2e\x74\x73\x27\x73\x20\x74\x65\x73\x74\x20\x22\xc2\xa7\x31\x38\x2e\x38\x20\x64\x69\x66\x66\x65\x72\x65\x6e\x74\x20\x65\x6e\x74\x72\x69\x65\x73\x20\x61\x74\x20\x6f\x6e\x65\x20\x77\x72\x69\x74\x65\x72\x20\x63\x6f\x6f\x72\x64\x69\x6e\x61\x74\x65\x20\x61\x72\x65\x20\x72\x65\x6a\x65\x63\x74\x65\x64\x22"). As a quirk to support Unicode, we are encoding values as UTF-8 in the header, but in a browser this would likely result in a TypeError exception. Consider encoding this string in ASCII for compatibility with browser implementations of the Fetch specification.
A header value for "MF-Vitest-Source" contains non-ASCII characters: "test/do/conformance.test.ts's test "§18.9 reusing an entry UUID with different bytes is rejected"" (raw bytes: "\x74\x65\x73\x74\x2f\x64\x6f\x2f\x63\x6f\x6e\x66\x6f\x72\x6d\x61\x6e\x63\x65\x2e\x74\x65\x73\x74\x2e\x74\x73\x27\x73\x20\x74\x65\x73\x74\x20\x22\xc2\xa7\x31\x38\x2e\x39\x20\x72\x65\x75\x73\x69\x6e\x67\x20\x61\x6e\x20\x65\x6e\x74\x72\x79\x20\x55\x55\x49\x44\x20\x77\x69\x74\x68\x20\x64\x69\x66\x66\x65\x72\x65\x6e\x74\x20\x62\x79\x74\x65\x73\x20\x69\x73\x20\x72\x65\x6a\x65\x63\x74\x65\x64\x22"). As a quirk to support Unicode, we are encoding values as UTF-8 in the header, but in a browser this would likely result in a TypeError exception. Consider encoding this string in ASCII for compatibility with browser implementations of the Fetch specification.
 ✓ |do| test/do/http.test.ts > POST /v1/logs/{log_id}/entries (§11.2) > a different entry at an occupied coordinate -> 409 writer_fork with snake_case details 66ms
A header value for "MF-Vitest-Source" contains non-ASCII characters: "test/do/conformance.test.ts's test "§18.9 reusing an entry UUID with different bytes is rejected"" (raw bytes: "\x74\x65\x73\x74\x2f\x64\x6f\x2f\x63\x6f\x6e\x66\x6f\x72\x6d\x61\x6e\x63\x65\x2e\x74\x65\x73\x74\x2e\x74\x73\x27\x73\x20\x74\x65\x73\x74\x20\x22\xc2\xa7\x31\x38\x2e\x39\x20\x72\x65\x75\x73\x69\x6e\x67\x20\x61\x6e\x20\x65\x6e\x74\x72\x79\x20\x55\x55\x49\x44\x20\x77\x69\x74\x68\x20\x64\x69\x66\x66\x65\x72\x65\x6e\x74\x20\x62\x79\x74\x65\x73\x20\x69\x73\x20\x72\x65\x6a\x65\x63\x74\x65\x64\x22"). As a quirk to support Unicode, we are encoding values as UTF-8 in the header, but in a browser this would likely result in a TypeError exception. Consider encoding this string in ASCII for compatibility with browser implementations of the Fetch specification.
 ✓ |do| test/do/conformance.test.ts > §18 conformance (items 1–12) > §18.8 different entries at one writer coordinate are rejected 62ms
A header value for "MF-Vitest-Source" contains non-ASCII characters: "test/do/conformance.test.ts's test "§18.10 a mixed-writer batch either commits completely or not at all"" (raw bytes: "\x74\x65\x73\x74\x2f\x64\x6f\x2f\x63\x6f\x6e\x66\x6f\x72\x6d\x61\x6e\x63\x65\x2e\x74\x65\x73\x74\x2e\x74\x73\x27\x73\x20\x74\x65\x73\x74\x20\x22\xc2\xa7\x31\x38\x2e\x31\x30\x20\x61\x20\x6d\x69\x78\x65\x64\x2d\x77\x72\x69\x74\x65\x72\x20\x62\x61\x74\x63\x68\x20\x65\x69\x74\x68\x65\x72\x20\x63\x6f\x6d\x6d\x69\x74\x73\x20\x63\x6f\x6d\x70\x6c\x65\x74\x65\x6c\x79\x20\x6f\x72\x20\x6e\x6f\x74\x20\x61\x74\x20\x61\x6c\x6c\x22"). As a quirk to support Unicode, we are encoding values as UTF-8 in the header, but in a browser this would likely result in a TypeError exception. Consider encoding this string in ASCII for compatibility with browser implementations of the Fetch specification.
A header value for "MF-Vitest-Source" contains non-ASCII characters: "test/do/conformance.test.ts's test "§18.10 a mixed-writer batch either commits completely or not at all"" (raw bytes: "\x74\x65\x73\x74\x2f\x64\x6f\x2f\x63\x6f\x6e\x66\x6f\x72\x6d\x61\x6e\x63\x65\x2e\x74\x65\x73\x74\x2e\x74\x73\x27\x73\x20\x74\x65\x73\x74\x20\x22\xc2\xa7\x31\x38\x2e\x31\x30\x20\x61\x20\x6d\x69\x78\x65\x64\x2d\x77\x72\x69\x74\x65\x72\x20\x62\x61\x74\x63\x68\x20\x65\x69\x74\x68\x65\x72\x20\x63\x6f\x6d\x6d\x69\x74\x73\x20\x63\x6f\x6d\x70\x6c\x65\x74\x65\x6c\x79\x20\x6f\x72\x20\x6e\x6f\x74\x20\x61\x74\x20\x61\x6c\x6c\x22"). As a quirk to support Unicode, we are encoding values as UTF-8 in the header, but in a browser this would likely result in a TypeError exception. Consider encoding this string in ASCII for compatibility with browser implementations of the Fetch specification.
 ✓ |do| test/do/http.test.ts > POST /v1/logs/{log_id}/entries (§11.2) > reusing an entry_id for different bytes -> 409 entry_id_collision with snake_case details 52ms
 ✓ |do| test/do/http.test.ts > POST /v1/logs/{log_id}/entries (§11.2) > intra-batch prev-linkage violation -> 422 invalid_entry (recorded invalid_batch mapping) 57ms
A header value for "MF-Vitest-Source" contains non-ASCII characters: "test/do/http.test.ts's suite "POST /v1/logs/{log_id}/entries (§11.2)"" (raw bytes: "\x74\x65\x73\x74\x2f\x64\x6f\x2f\x68\x74\x74\x70\x2e\x74\x65\x73\x74\x2e\x74\x73\x27\x73\x20\x73\x75\x69\x74\x65\x20\x22\x50\x4f\x53\x54\x20\x2f\x76\x31\x2f\x6c\x6f\x67\x73\x2f\x7b\x6c\x6f\x67\x5f\x69\x64\x7d\x2f\x65\x6e\x74\x72\x69\x65\x73\x20\x28\xc2\xa7\x31\x31\x2e\x32\x29\x22"). As a quirk to support Unicode, we are encoding values as UTF-8 in the header, but in a browser this would likely result in a TypeError exception. Consider encoding this string in ASCII for compatibility with browser implementations of the Fetch specification.
 ✓ |do| test/do/conformance.test.ts > §18 conformance (items 1–12) > §18.9 reusing an entry UUID with different bytes is rejected 48ms
A header value for "MF-Vitest-Source" contains non-ASCII characters: "test/do/conformance.test.ts's test "§18.11 local arrival order may differ while frontiers and canonical entries converge"" (raw bytes: "\x74\x65\x73\x74\x2f\x64\x6f\x2f\x63\x6f\x6e\x66\x6f\x72\x6d\x61\x6e\x63\x65\x2e\x74\x65\x73\x74\x2e\x74\x73\x27\x73\x20\x74\x65\x73\x74\x20\x22\xc2\xa7\x31\x38\x2e\x31\x31\x20\x6c\x6f\x63\x61\x6c\x20\x61\x72\x72\x69\x76\x61\x6c\x20\x6f\x72\x64\x65\x72\x20\x6d\x61\x79\x20\x64\x69\x66\x66\x65\x72\x20\x77\x68\x69\x6c\x65\x20\x66\x72\x6f\x6e\x74\x69\x65\x72\x73\x20\x61\x6e\x64\x20\x63\x61\x6e\x6f\x6e\x69\x63\x61\x6c\x20\x65\x6e\x74\x72\x69\x65\x73\x20\x63\x6f\x6e\x76\x65\x72\x67\x65\x22"). As a quirk to support Unicode, we are encoding values as UTF-8 in the header, but in a browser this would likely result in a TypeError exception. Consider encoding this string in ASCII for compatibility with browser implementations of the Fetch specification.
A header value for "MF-Vitest-Source" contains non-ASCII characters: "test/do/http.test.ts's suite "GET /v1/logs/{log_id}/frontier (§11.3)"" (raw bytes: "\x74\x65\x73\x74\x2f\x64\x6f\x2f\x68\x74\x74\x70\x2e\x74\x65\x73\x74\x2e\x74\x73\x27\x73\x20\x73\x75\x69\x74\x65\x20\x22\x47\x45\x54\x20\x2f\x76\x31\x2f\x6c\x6f\x67\x73\x2f\x7b\x6c\x6f\x67\x5f\x69\x64\x7d\x2f\x66\x72\x6f\x6e\x74\x69\x65\x72\x20\x28\xc2\xa7\x31\x31\x2e\x33\x29\x22"). As a quirk to support Unicode, we are encoding values as UTF-8 in the header, but in a browser this would likely result in a TypeError exception. Consider encoding this string in ASCII for compatibility with browser implementations of the Fetch specification.
 ✓ |do| test/realm/http.workers.test.ts > RealmContainer HTTP contract > returns distinct stale_revision and obsolete_epoch errors and writes no rows 176ms
A header value for "MF-Vitest-Source" contains non-ASCII characters: "test/do/http.test.ts's test "returns the §9.4 encoded shape: log_id plus writers sorted by writer_id"" (raw bytes: "\x74\x65\x73\x74\x2f\x64\x6f\x2f\x68\x74\x74\x70\x2e\x74\x65\x73\x74\x2e\x74\x73\x27\x73\x20\x74\x65\x73\x74\x20\x22\x72\x65\x74\x75\x72\x6e\x73\x20\x74\x68\x65\x20\xc2\xa7\x39\x2e\x34\x20\x65\x6e\x63\x6f\x64\x65\x64\x20\x73\x68\x61\x70\x65\x3a\x20\x6c\x6f\x67\x5f\x69\x64\x20\x70\x6c\x75\x73\x20\x77\x72\x69\x74\x65\x72\x73\x20\x73\x6f\x72\x74\x65\x64\x20\x62\x79\x20\x77\x72\x69\x74\x65\x72\x5f\x69\x64\x22"). As a quirk to support Unicode, we are encoding values as UTF-8 in the header, but in a browser this would likely result in a TypeError exception. Consider encoding this string in ASCII for compatibility with browser implementations of the Fetch specification.
A header value for "MF-Vitest-Source" contains non-ASCII characters: "test/do/http.test.ts's test "returns the §9.4 encoded shape: log_id plus writers sorted by writer_id"" (raw bytes: "\x74\x65\x73\x74\x2f\x64\x6f\x2f\x68\x74\x74\x70\x2e\x74\x65\x73\x74\x2e\x74\x73\x27\x73\x20\x74\x65\x73\x74\x20\x22\x72\x65\x74\x75\x72\x6e\x73\x20\x74\x68\x65\x20\xc2\xa7\x39\x2e\x34\x20\x65\x6e\x63\x6f\x64\x65\x64\x20\x73\x68\x61\x70\x65\x3a\x20\x6c\x6f\x67\x5f\x69\x64\x20\x70\x6c\x75\x73\x20\x77\x72\x69\x74\x65\x72\x73\x20\x73\x6f\x72\x74\x65\x64\x20\x62\x79\x20\x77\x72\x69\x74\x65\x72\x5f\x69\x64\x22"). As a quirk to support Unicode, we are encoding values as UTF-8 in the header, but in a browser this would likely result in a TypeError exception. Consider encoding this string in ASCII for compatibility with browser implementations of the Fetch specification.
 ✓ |do| test/do/http.test.ts > POST /v1/logs/{log_id}/entries (§11.2) > an entry whose log_id names another log -> 409 log_mismatch 65ms
 ✓ |do| test/do/http.test.ts > GET /v1/logs/{log_id}/frontier (§11.3) > before create -> 404 log_not_found 37ms
A header value for "MF-Vitest-Source" contains non-ASCII characters: "test/do/http.test.ts's suite "GET /v1/logs/{log_id}/frontier (§11.3)"" (raw bytes: "\x74\x65\x73\x74\x2f\x64\x6f\x2f\x68\x74\x74\x70\x2e\x74\x65\x73\x74\x2e\x74\x73\x27\x73\x20\x73\x75\x69\x74\x65\x20\x22\x47\x45\x54\x20\x2f\x76\x31\x2f\x6c\x6f\x67\x73\x2f\x7b\x6c\x6f\x67\x5f\x69\x64\x7d\x2f\x66\x72\x6f\x6e\x74\x69\x65\x72\x20\x28\xc2\xa7\x31\x31\x2e\x33\x29\x22"). As a quirk to support Unicode, we are encoding values as UTF-8 in the header, but in a browser this would likely result in a TypeError exception. Consider encoding this string in ASCII for compatibility with browser implementations of the Fetch specification.
 ✓ |do| test/do/conformance.test.ts > §18 conformance (items 1–12) > §18.10 a mixed-writer batch either commits completely or not at all 109ms
A header value for "MF-Vitest-Source" contains non-ASCII characters: "test/do/http.test.ts's suite "GET /v1/logs/{log_id}/writers/{writer_id}/entries (§11.4)"" (raw bytes: "\x74\x65\x73\x74\x2f\x64\x6f\x2f\x68\x74\x74\x70\x2e\x74\x65\x73\x74\x2e\x74\x73\x27\x73\x20\x73\x75\x69\x74\x65\x20\x22\x47\x45\x54\x20\x2f\x76\x31\x2f\x6c\x6f\x67\x73\x2f\x7b\x6c\x6f\x67\x5f\x69\x64\x7d\x2f\x77\x72\x69\x74\x65\x72\x73\x2f\x7b\x77\x72\x69\x74\x65\x72\x5f\x69\x64\x7d\x2f\x65\x6e\x74\x72\x69\x65\x73\x20\x28\xc2\xa7\x31\x31\x2e\x34\x29\x22"). As a quirk to support Unicode, we are encoding values as UTF-8 in the header, but in a browser this would likely result in a TypeError exception. Consider encoding this string in ASCII for compatibility with browser implementations of the Fetch specification.
 ✓ |do| test/realm/http.workers.test.ts > RealmContainer HTTP contract > an unknown-log read is not-found and creates neither schema nor rows 156ms
A header value for "MF-Vitest-Source" contains non-ASCII characters: "test/do/conformance.test.ts's test "§18.11 local arrival order may differ while frontiers and canonical entries converge"" (raw bytes: "\x74\x65\x73\x74\x2f\x64\x6f\x2f\x63\x6f\x6e\x66\x6f\x72\x6d\x61\x6e\x63\x65\x2e\x74\x65\x73\x74\x2e\x74\x73\x27\x73\x20\x74\x65\x73\x74\x20\x22\xc2\xa7\x31\x38\x2e\x31\x31\x20\x6c\x6f\x63\x61\x6c\x20\x61\x72\x72\x69\x76\x61\x6c\x20\x6f\x72\x64\x65\x72\x20\x6d\x61\x79\x20\x64\x69\x66\x66\x65\x72\x20\x77\x68\x69\x6c\x65\x20\x66\x72\x6f\x6e\x74\x69\x65\x72\x73\x20\x61\x6e\x64\x20\x63\x61\x6e\x6f\x6e\x69\x63\x61\x6c\x20\x65\x6e\x74\x72\x69\x65\x73\x20\x63\x6f\x6e\x76\x65\x72\x67\x65\x22"). As a quirk to support Unicode, we are encoding values as UTF-8 in the header, but in a browser this would likely result in a TypeError exception. Consider encoding this string in ASCII for compatibility with browser implementations of the Fetch specification.
 ✓ |do| test/do/http.test.ts > GET /v1/logs/{log_id}/frontier (§11.3) > returns the §9.4 encoded shape: log_id plus writers sorted by writer_id 49ms
 ✓ |do| test/do/conformance.test.ts > §18 conformance (items 1–12) > §18.11 local arrival order may differ while frontiers and canonical entries converge 213ms
A header value for "MF-Vitest-Source" contains non-ASCII characters: "test/do/conformance.test.ts's test "§18.12 timestamps do not affect merge results"" (raw bytes: "\x74\x65\x73\x74\x2f\x64\x6f\x2f\x63\x6f\x6e\x66\x6f\x72\x6d\x61\x6e\x63\x65\x2e\x74\x65\x73\x74\x2e\x74\x73\x27\x73\x20\x74\x65\x73\x74\x20\x22\xc2\xa7\x31\x38\x2e\x31\x32\x20\x74\x69\x6d\x65\x73\x74\x61\x6d\x70\x73\x20\x64\x6f\x20\x6e\x6f\x74\x20\x61\x66\x66\x65\x63\x74\x20\x6d\x65\x72\x67\x65\x20\x72\x65\x73\x75\x6c\x74\x73\x22"). As a quirk to support Unicode, we are encoding values as UTF-8 in the header, but in a browser this would likely result in a TypeError exception. Consider encoding this string in ASCII for compatibility with browser implementations of the Fetch specification.
 ✓ |do| test/realm/http.workers.test.ts > RealmContainer HTTP contract > rejects malformed bodies before they can do damage 104ms
A header value for "MF-Vitest-Source" contains non-ASCII characters: "test/do/http.test.ts's test "an unknown writer -> 200 with empty entries and null cursor (§10 sync probes)"" (raw bytes: "\x74\x65\x73\x74\x2f\x64\x6f\x2f\x68\x74\x74\x70\x2e\x74\x65\x73\x74\x2e\x74\x73\x27\x73\x20\x74\x65\x73\x74\x20\x22\x61\x6e\x20\x75\x6e\x6b\x6e\x6f\x77\x6e\x20\x77\x72\x69\x74\x65\x72\x20\x2d\x3e\x20\x32\x30\x30\x20\x77\x69\x74\x68\x20\x65\x6d\x70\x74\x79\x20\x65\x6e\x74\x72\x69\x65\x73\x20\x61\x6e\x64\x20\x6e\x75\x6c\x6c\x20\x63\x75\x72\x73\x6f\x72\x20\x28\xc2\xa7\x31\x30\x20\x73\x79\x6e\x63\x20\x70\x72\x6f\x62\x65\x73\x29\x22"). As a quirk to support Unicode, we are encoding values as UTF-8 in the header, but in a browser this would likely result in a TypeError exception. Consider encoding this string in ASCII for compatibility with browser implementations of the Fetch specification.
 ✓ |do| test/do/http.test.ts > GET /v1/logs/{log_id}/writers/{writer_id}/entries (§11.4) > pages through a writer with limit, returning canonical entry objects and next_after 92ms
 ✓ |do| test/do/http.test.ts > GET /v1/logs/{log_id}/writers/{writer_id}/entries (§11.4) > honors after (exclusive) and through (inclusive) 91ms
A header value for "MF-Vitest-Source" contains non-ASCII characters: "test/do/http.test.ts's test "an unknown writer -> 200 with empty entries and null cursor (§10 sync probes)"" (raw bytes: "\x74\x65\x73\x74\x2f\x64\x6f\x2f\x68\x74\x74\x70\x2e\x74\x65\x73\x74\x2e\x74\x73\x27\x73\x20\x74\x65\x73\x74\x20\x22\x61\x6e\x20\x75\x6e\x6b\x6e\x6f\x77\x6e\x20\x77\x72\x69\x74\x65\x72\x20\x2d\x3e\x20\x32\x30\x30\x20\x77\x69\x74\x68\x20\x65\x6d\x70\x74\x79\x20\x65\x6e\x74\x72\x69\x65\x73\x20\x61\x6e\x64\x20\x6e\x75\x6c\x6c\x20\x63\x75\x72\x73\x6f\x72\x20\x28\xc2\xa7\x31\x30\x20\x73\x79\x6e\x63\x20\x70\x72\x6f\x62\x65\x73\x29\x22"). As a quirk to support Unicode, we are encoding values as UTF-8 in the header, but in a browser this would likely result in a TypeError exception. Consider encoding this string in ASCII for compatibility with browser implementations of the Fetch specification.
 ✓ |do| test/realm/http.workers.test.ts > RealmContainer HTTP contract > reports a fork-shaped commit only as a storage constraint 123ms
 ✓ |do| test/do/http.test.ts > GET /v1/logs/{log_id}/writers/{writer_id}/entries (§11.4) > an unknown writer -> 200 with empty entries and null cursor (§10 sync probes) 86ms
 ✓ |do| test/do/http.test.ts > GET /v1/logs/{log_id}/writers/{writer_id}/entries (§11.4) > before create -> 404 log_not_found 45ms
A header value for "MF-Vitest-Source" contains non-ASCII characters: "test/do/conformance.test.ts's test "§18.12 timestamps do not affect merge results"" (raw bytes: "\x74\x65\x73\x74\x2f\x64\x6f\x2f\x63\x6f\x6e\x66\x6f\x72\x6d\x61\x6e\x63\x65\x2e\x74\x65\x73\x74\x2e\x74\x73\x27\x73\x20\x74\x65\x73\x74\x20\x22\xc2\xa7\x31\x38\x2e\x31\x32\x20\x74\x69\x6d\x65\x73\x74\x61\x6d\x70\x73\x20\x64\x6f\x20\x6e\x6f\x74\x20\x61\x66\x66\x65\x63\x74\x20\x6d\x65\x72\x67\x65\x20\x72\x65\x73\x75\x6c\x74\x73\x22"). As a quirk to support Unicode, we are encoding values as UTF-8 in the header, but in a browser this would likely result in a TypeError exception. Consider encoding this string in ASCII for compatibility with browser implementations of the Fetch specification.
 ✓ |do| test/do/conformance.test.ts > §18 conformance (items 1–12) > §18.12 timestamps do not affect merge results 269ms
A header value for "MF-Vitest-Source" contains non-ASCII characters: "test/do/conformance.test.ts's suite "§18 conformance (items 1–12)"" (raw bytes: "\x74\x65\x73\x74\x2f\x64\x6f\x2f\x63\x6f\x6e\x66\x6f\x72\x6d\x61\x6e\x63\x65\x2e\x74\x65\x73\x74\x2e\x74\x73\x27\x73\x20\x73\x75\x69\x74\x65\x20\x22\xc2\xa7\x31\x38\x20\x63\x6f\x6e\x66\x6f\x72\x6d\x61\x6e\x63\x65\x20\x28\x69\x74\x65\x6d\x73\x20\x31\xe2\x80\x93\x31\x32\x29\x22"). As a quirk to support Unicode, we are encoding values as UTF-8 in the header, but in a browser this would likely result in a TypeError exception. Consider encoding this string in ASCII for compatibility with browser implementations of the Fetch specification.
 ✓ |do| test/realm/http.workers.test.ts > RealmContainer HTTP contract > exposes the pinned read routes with the RealmStore page shapes 149ms
 ✓ |do| test/realm/http.workers.test.ts > RealmContainer HTTP contract > pins storage_full on the wire as a mapping, not an exercised disk-full behavior 19ms
A header value for "MF-Vitest-Source" contains non-ASCII characters: "test/do/conformance.test.ts's test "exactly 12 §18-numbered tests are registered in this file, covering items 1–12 once each"" (raw bytes: "\x74\x65\x73\x74\x2f\x64\x6f\x2f\x63\x6f\x6e\x66\x6f\x72\x6d\x61\x6e\x63\x65\x2e\x74\x65\x73\x74\x2e\x74\x73\x27\x73\x20\x74\x65\x73\x74\x20\x22\x65\x78\x61\x63\x74\x6c\x79\x20\x31\x32\x20\xc2\xa7\x31\x38\x2d\x6e\x75\x6d\x62\x65\x72\x65\x64\x20\x74\x65\x73\x74\x73\x20\x61\x72\x65\x20\x72\x65\x67\x69\x73\x74\x65\x72\x65\x64\x20\x69\x6e\x20\x74\x68\x69\x73\x20\x66\x69\x6c\x65\x2c\x20\x63\x6f\x76\x65\x72\x69\x6e\x67\x20\x69\x74\x65\x6d\x73\x20\x31\xe2\x80\x93\x31\x32\x20\x6f\x6e\x63\x65\x20\x65\x61\x63\x68\x22"). As a quirk to support Unicode, we are encoding values as UTF-8 in the header, but in a browser this would likely result in a TypeError exception. Consider encoding this string in ASCII for compatibility with browser implementations of the Fetch specification.
A header value for "MF-Vitest-Source" contains non-ASCII characters: "test/do/conformance.test.ts's test "exactly 12 §18-numbered tests are registered in this file, covering items 1–12 once each"" (raw bytes: "\x74\x65\x73\x74\x2f\x64\x6f\x2f\x63\x6f\x6e\x66\x6f\x72\x6d\x61\x6e\x63\x65\x2e\x74\x65\x73\x74\x2e\x74\x73\x27\x73\x20\x74\x65\x73\x74\x20\x22\x65\x78\x61\x63\x74\x6c\x79\x20\x31\x32\x20\xc2\xa7\x31\x38\x2d\x6e\x75\x6d\x62\x65\x72\x65\x64\x20\x74\x65\x73\x74\x73\x20\x61\x72\x65\x20\x72\x65\x67\x69\x73\x74\x65\x72\x65\x64\x20\x69\x6e\x20\x74\x68\x69\x73\x20\x66\x69\x6c\x65\x2c\x20\x63\x6f\x76\x65\x72\x69\x6e\x67\x20\x69\x74\x65\x6d\x73\x20\x31\xe2\x80\x93\x31\x32\x20\x6f\x6e\x63\x65\x20\x65\x61\x63\x68\x22"). As a quirk to support Unicode, we are encoding values as UTF-8 in the header, but in a browser this would likely result in a TypeError exception. Consider encoding this string in ASCII for compatibility with browser implementations of the Fetch specification.
 ✓ |do| test/do/http.test.ts > GET /v1/logs/{log_id}/writers/{writer_id}/entries (§11.4) > non-integer limit -> 422 invalid_entry with a reason detail 84ms
 ✓ |do| test/do/conformance.test.ts > suite anti-vacuity > exactly 12 §18-numbered tests are registered in this file, covering items 1–12 once each 17ms
 ✓ |do| test/do/conformance.test.ts > the audit itself > goes red on a corrupted store: a trigger-legal direct INSERT creates a gap, a stale tip, and a column/bytes mismatch, and the audit names each 63ms
A header value for "MF-Vitest-Source" contains non-ASCII characters: "test/do/http.test.ts's suite "GET /v1/logs/{log_id}/writers/{writer_id}/entries (§11.4)"" (raw bytes: "\x74\x65\x73\x74\x2f\x64\x6f\x2f\x68\x74\x74\x70\x2e\x74\x65\x73\x74\x2e\x74\x73\x27\x73\x20\x73\x75\x69\x74\x65\x20\x22\x47\x45\x54\x20\x2f\x76\x31\x2f\x6c\x6f\x67\x73\x2f\x7b\x6c\x6f\x67\x5f\x69\x64\x7d\x2f\x77\x72\x69\x74\x65\x72\x73\x2f\x7b\x77\x72\x69\x74\x65\x72\x5f\x69\x64\x7d\x2f\x65\x6e\x74\x72\x69\x65\x73\x20\x28\xc2\xa7\x31\x31\x2e\x34\x29\x22"). As a quirk to support Unicode, we are encoding values as UTF-8 in the header, but in a browser this would likely result in a TypeError exception. Consider encoding this string in ASCII for compatibility with browser implementations of the Fetch specification.
A header value for "MF-Vitest-Source" contains non-ASCII characters: "test/do/conformance.test.ts's suite "restart durability (§15.2 / §8 invariant 2)"" (raw bytes: "\x74\x65\x73\x74\x2f\x64\x6f\x2f\x63\x6f\x6e\x66\x6f\x72\x6d\x61\x6e\x63\x65\x2e\x74\x65\x73\x74\x2e\x74\x73\x27\x73\x20\x73\x75\x69\x74\x65\x20\x22\x72\x65\x73\x74\x61\x72\x74\x20\x64\x75\x72\x61\x62\x69\x6c\x69\x74\x79\x20\x28\xc2\xa7\x31\x35\x2e\x32\x20\x2f\x20\xc2\xa7\x38\x20\x69\x6e\x76\x61\x72\x69\x61\x6e\x74\x20\x32\x29\x22"). As a quirk to support Unicode, we are encoding values as UTF-8 in the header, but in a browser this would likely result in a TypeError exception. Consider encoding this string in ASCII for compatibility with browser implementations of the Fetch specification.
A header value for "MF-Vitest-Source" contains non-ASCII characters: "test/do/http.test.ts's suite "GET /v1/logs/{log_id}/entries (§11.5 arrival tail)"" (raw bytes: "\x74\x65\x73\x74\x2f\x64\x6f\x2f\x68\x74\x74\x70\x2e\x74\x65\x73\x74\x2e\x74\x73\x27\x73\x20\x73\x75\x69\x74\x65\x20\x22\x47\x45\x54\x20\x2f\x76\x31\x2f\x6c\x6f\x67\x73\x2f\x7b\x6c\x6f\x67\x5f\x69\x64\x7d\x2f\x65\x6e\x74\x72\x69\x65\x73\x20\x28\xc2\xa7\x31\x31\x2e\x35\x20\x61\x72\x72\x69\x76\x61\x6c\x20\x74\x61\x69\x6c\x29\x22"). As a quirk to support Unicode, we are encoding values as UTF-8 in the header, but in a browser this would likely result in a TypeError exception. Consider encoding this string in ASCII for compatibility with browser implementations of the Fetch specification.
 ✓ |do| test/do/http.test.ts > GET /v1/logs/{log_id}/writers/{writer_id}/entries (§11.4) > negative after -> 422 invalid_entry (store RangeError mapped) 76ms
 ✓ |do| test/do/http.test.ts > GET /v1/logs/{log_id}/writers/{writer_id}/entries (§11.4) > limit=0 -> 422 invalid_entry (store RangeError mapped) 52ms
workerd/io/io-context.c++:435: info: uncaught exception; exception = workerd/api/actor-state.c++:1110: failed: broken.outputGateBroken; jsg.Error: simulated restart
stack: /home/jes/codex-realm-arms/worker/node_modules/@cloudflare/workerd-linux-64/bin/workerd@2cfbb00 /home/jes/codex-realm-arms/worker/node_modules/@cloudflare/workerd-linux-64/bin/workerd@2cfbe50 /home/jes/codex-realm-arms/worker/node_modules/@cloudflare/workerd-linux-64/bin/workerd@2cfca8e /home/jes/codex-realm-arms/worker/node_modules/@cloudflare/workerd-linux-64/bin/workerd@4f03c2a /home/jes/codex-realm-arms/worker/node_modules/@cloudflare/workerd-linux-64/bin/workerd@2b0c760 /home/jes/codex-realm-arms/worker/node_modules/@cloudflare/workerd-linux-64/bin/workerd@2b0cd90
A header value for "MF-Vitest-Source" contains non-ASCII characters: "test/do/conformance.test.ts's suite "restart durability (§15.2 / §8 invariant 2)"" (raw bytes: "\x74\x65\x73\x74\x2f\x64\x6f\x2f\x63\x6f\x6e\x66\x6f\x72\x6d\x61\x6e\x63\x65\x2e\x74\x65\x73\x74\x2e\x74\x73\x27\x73\x20\x73\x75\x69\x74\x65\x20\x22\x72\x65\x73\x74\x61\x72\x74\x20\x64\x75\x72\x61\x62\x69\x6c\x69\x74\x79\x20\x28\xc2\xa7\x31\x35\x2e\x32\x20\x2f\x20\xc2\xa7\x38\x20\x69\x6e\x76\x61\x72\x69\x61\x6e\x74\x20\x32\x29\x22"). As a quirk to support Unicode, we are encoding values as UTF-8 in the header, but in a browser this would likely result in a TypeError exception. Consider encoding this string in ASCII for compatibility with browser implementations of the Fetch specification.
 ✓ |do| test/do/conformance.test.ts > restart durability (§15.2 / §8 invariant 2) > acked entries survive a Durable Object restart; tips rebuild from SQL; the chain continues 64ms
 ✓ |do| test/do/http.test.ts > GET /v1/logs/{log_id}/entries (§11.5 arrival tail) > returns entries in arrival order across writers with next_after_arrival paging 59ms
A header value for "MF-Vitest-Source" contains non-ASCII characters: "test/do/http.test.ts's suite "GET /v1/logs/{log_id}/entries (§11.5 arrival tail)"" (raw bytes: "\x74\x65\x73\x74\x2f\x64\x6f\x2f\x68\x74\x74\x70\x2e\x74\x65\x73\x74\x2e\x74\x73\x27\x73\x20\x73\x75\x69\x74\x65\x20\x22\x47\x45\x54\x20\x2f\x76\x31\x2f\x6c\x6f\x67\x73\x2f\x7b\x6c\x6f\x67\x5f\x69\x64\x7d\x2f\x65\x6e\x74\x72\x69\x65\x73\x20\x28\xc2\xa7\x31\x31\x2e\x35\x20\x61\x72\x72\x69\x76\x61\x6c\x20\x74\x61\x69\x6c\x29\x22"). As a quirk to support Unicode, we are encoding values as UTF-8 in the header, but in a browser this would likely result in a TypeError exception. Consider encoding this string in ASCII for compatibility with browser implementations of the Fetch specification.
A header value for "MF-Vitest-Source" contains non-ASCII characters: "test/do/http.test.ts's test "returns counts only — entries and writers, no bodies"" (raw bytes: "\x74\x65\x73\x74\x2f\x64\x6f\x2f\x68\x74\x74\x70\x2e\x74\x65\x73\x74\x2e\x74\x73\x27\x73\x20\x74\x65\x73\x74\x20\x22\x72\x65\x74\x75\x72\x6e\x73\x20\x63\x6f\x75\x6e\x74\x73\x20\x6f\x6e\x6c\x79\x20\xe2\x80\x94\x20\x65\x6e\x74\x72\x69\x65\x73\x20\x61\x6e\x64\x20\x77\x72\x69\x74\x65\x72\x73\x2c\x20\x6e\x6f\x20\x62\x6f\x64\x69\x65\x73\x22"). As a quirk to support Unicode, we are encoding values as UTF-8 in the header, but in a browser this would likely result in a TypeError exception. Consider encoding this string in ASCII for compatibility with browser implementations of the Fetch specification.
A header value for "MF-Vitest-Source" contains non-ASCII characters: "test/do/http.test.ts's test "returns counts only — entries and writers, no bodies"" (raw bytes: "\x74\x65\x73\x74\x2f\x64\x6f\x2f\x68\x74\x74\x70\x2e\x74\x65\x73\x74\x2e\x74\x73\x27\x73\x20\x74\x65\x73\x74\x20\x22\x72\x65\x74\x75\x72\x6e\x73\x20\x63\x6f\x75\x6e\x74\x73\x20\x6f\x6e\x6c\x79\x20\xe2\x80\x94\x20\x65\x6e\x74\x72\x69\x65\x73\x20\x61\x6e\x64\x20\x77\x72\x69\x74\x65\x72\x73\x2c\x20\x6e\x6f\x20\x62\x6f\x64\x69\x65\x73\x22"). As a quirk to support Unicode, we are encoding values as UTF-8 in the header, but in a browser this would likely result in a TypeError exception. Consider encoding this string in ASCII for compatibility with browser implementations of the Fetch specification.
 ✓ |do| test/do/http.test.ts > GET /v1/logs/{log_id}/entries (§11.5 arrival tail) > non-integer after_arrival -> 422 invalid_entry with a reason detail 45ms
 ✓ |do| test/do/http.test.ts > GET /v1/logs/{log_id}/stats (internal debug route) > returns counts only — entries and writers, no bodies 43ms
 ✓ |do| test/do/http.test.ts > unknown routes > an unknown path -> 404 with the recorded 'unknown route' envelope 28ms
A header value for "MF-Vitest-Source" contains non-ASCII characters: "test/do/http.test.ts's test "an object addressed WITHOUT a name (newUniqueId) §13.1-rejects every request: 409 log_mismatch, unverifiable-name row"" (raw bytes: "\x74\x65\x73\x74\x2f\x64\x6f\x2f\x68\x74\x74\x70\x2e\x74\x65\x73\x74\x2e\x74\x73\x27\x73\x20\x74\x65\x73\x74\x20\x22\x61\x6e\x20\x6f\x62\x6a\x65\x63\x74\x20\x61\x64\x64\x72\x65\x73\x73\x65\x64\x20\x57\x49\x54\x48\x4f\x55\x54\x20\x61\x20\x6e\x61\x6d\x65\x20\x28\x6e\x65\x77\x55\x6e\x69\x71\x75\x65\x49\x64\x29\x20\xc2\xa7\x31\x33\x2e\x31\x2d\x72\x65\x6a\x65\x63\x74\x73\x20\x65\x76\x65\x72\x79\x20\x72\x65\x71\x75\x65\x73\x74\x3a\x20\x34\x30\x39\x20\x6c\x6f\x67\x5f\x6d\x69\x73\x6d\x61\x74\x63\x68\x2c\x20\x75\x6e\x76\x65\x72\x69\x66\x69\x61\x62\x6c\x65\x2d\x6e\x61\x6d\x65\x20\x72\x6f\x77\x22"). As a quirk to support Unicode, we are encoding values as UTF-8 in the header, but in a browser this would likely result in a TypeError exception. Consider encoding this string in ASCII for compatibility with browser implementations of the Fetch specification.
A header value for "MF-Vitest-Source" contains non-ASCII characters: "test/do/http.test.ts's test "an object addressed WITHOUT a name (newUniqueId) §13.1-rejects every request: 409 log_mismatch, unverifiable-name row"" (raw bytes: "\x74\x65\x73\x74\x2f\x64\x6f\x2f\x68\x74\x74\x70\x2e\x74\x65\x73\x74\x2e\x74\x73\x27\x73\x20\x74\x65\x73\x74\x20\x22\x61\x6e\x20\x6f\x62\x6a\x65\x63\x74\x20\x61\x64\x64\x72\x65\x73\x73\x65\x64\x20\x57\x49\x54\x48\x4f\x55\x54\x20\x61\x20\x6e\x61\x6d\x65\x20\x28\x6e\x65\x77\x55\x6e\x69\x71\x75\x65\x49\x64\x29\x20\xc2\xa7\x31\x33\x2e\x31\x2d\x72\x65\x6a\x65\x63\x74\x73\x20\x65\x76\x65\x72\x79\x20\x72\x65\x71\x75\x65\x73\x74\x3a\x20\x34\x30\x39\x20\x6c\x6f\x67\x5f\x6d\x69\x73\x6d\x61\x74\x63\x68\x2c\x20\x75\x6e\x76\x65\x72\x69\x66\x69\x61\x62\x6c\x65\x2d\x6e\x61\x6d\x65\x20\x72\x6f\x77\x22"). As a quirk to support Unicode, we are encoding values as UTF-8 in the header, but in a browser this would likely result in a TypeError exception. Consider encoding this string in ASCII for compatibility with browser implementations of the Fetch specification.
 ✓ |do| test/do/http.test.ts > unknown routes > a known path with an unsupported method -> 404 unknown route 29ms
 ✓ |do| test/do/http.test.ts > CommonplaceLog.fetch wiring (the real DO class) > an object addressed WITHOUT a name (newUniqueId) §13.1-rejects every request: 409 log_mismatch, unverifiable-name row 18ms
 ✓ |do| test/do/http.test.ts > CommonplaceLog.fetch wiring (the real DO class) > fetch routes through handleRequest (an unknown path gets the recorded 404 envelope, proving the store+router are wired) 22ms

 Test Files  22 passed (22)
      Tests  308 passed (308)
   Start at  04:32:06
   Duration  37.94s (transform 10.87s, setup 0ms, collect 70.73s, tests 51.86s, environment 54ms, prepare 298.21s)

[vpw:debug] Shutting down runtimes...
[vpw:debug] Disposing remote proxy sessions...
